date,funding_pct
2026-06-29,0.00717956019909
2026-06-30,0.006411777160920001
2026-07-01,0.00376950039265
2026-07-02,0.0031154302060700002
2026-07-03,0.00538283058701
2026-07-04,0.0064439913891299995
2026-07-05,0.00211483321941
2026-07-06,0.00435732937955
2026-07-07,0.00589596545996
2026-07-08,0.00851580031502
2026-07-09,0.00351830663184
2026-07-10,0.00754950605994
2026-07-11,0.0034033691268
2026-07-12,0.00564601192152
2026-07-13,0.00885517560254
2026-07-14,0.00799498182818
2026-07-15,0.00295691248966
2026-07-16,0.001498971488
2026-07-17,0.00546348466336
2026-07-18,0.00863693379528
2026-07-19,0.00422130855567
2026-07-20,0.00151065561787
2026-07-21,-0.00386532726688
2026-07-22,0.0007234165858699999
2026-07-23,0.0030943708343600003
2026-07-24,0.00463556429945
2026-07-25,-0.00019531187262999998
2026-07-26,0.00107069213573
2026-07-27,0.00228280571175
2026-07-28,0.00217766318961
2026-07-29,0.00832522231396
2026-07-30,0.006542091089869999
2026-07-31,0.008529823738850001
2026-08-01,-0.00167608519619
2026-08-02,0.00145842068056
2026-08-03,0.00093903184464
2026-08-04,0.00861606534537
2026-08-05,-0.00126370128981
2026-08-06,0.00595020744934
2026-08-07,0.00118733046652
2026-08-08,0.0025113246157
2026-08-09,0.00104271043705
2026-08-10,0.0096723689051
2026-08-11,0.01
2026-08-12,0.00887121109659
2026-08-13,0.00559148615532
2026-08-14,0.01
2026-08-15,0.00647375951599
2026-08-16,0.00656875428578
2026-08-17,0.00234012172617
2026-08-18,0.00196881311933
2026-08-19,0.00467644705158
2026-08-20,0.0058895290316
2026-08-21,0.01
2026-08-22,0.01
2026-08-23,0.01
2026-08-24,0.01
2026-08-25,0.00560993670634
2026-08-26,0.00565958949127
2026-08-27,-0.00040858109026999995
2026-08-28,0.01
2026-08-29,0.00438328499472
2026-08-30,0.00348896038312
2026-08-31,0.00744588100483
2026-09-01,0.0053218488860499995
2026-09-02,0.00764625270974
2026-09-03,0.00383236146165
2026-09-04,0.0034551246005199996
2026-09-05,-0.00271584359721
2026-09-06,0.00165550422837
2026-09-07,0.0030568971420299996
2026-09-08,0.00640083735919
2026-09-09,0.00695402575674
2026-09-10,0.00965826457979
2026-09-11,0.00599316422609
2026-09-12,0.0036786576316
2026-09-13,0.0067715782922100004
2026-09-14,0.00462428221831
2026-09-15,0.00825809944941
2026-09-16,0.00399717187267
2026-09-17,0.00888704148709
2026-09-18,0.00898885586635
2026-09-19,0.01
2026-09-20,0.00785786760489
2026-09-21,0.00202484424372
2026-09-22,0.00544099189888
2026-09-23,0.00947238992798
2026-09-24,-0.00032786158009
2026-09-25,0.00341625964238
2026-09-26,-0.0005562177738600001
2026-09-27,-0.00107439144441
2026-09-28,0.00709507874477
2026-09-29,0.00329384702947
2026-09-30,0.00367519063153
2026-10-01,0.0062504860528
2026-10-02,0.007096708582169999
