date,value
2020-08-13,213580510340.625
2020-08-14,216253403996.875
2020-08-15,218059114578.125
2020-08-16,219292649343.75
2020-08-18,226924096250.0
2020-08-19,217309986346.875
2020-08-21,218848343218.75
2020-08-22,213858571500.0
2020-08-24,214741315731.25
2020-08-25,214885288012.5
2020-08-26,212387894050.0
2020-08-28,211017007606.25
2020-08-29,212186141943.75
2020-08-31,215553950175.0
2020-09-01,219190204256.25
2020-09-02,210502088000.0
2020-09-04,194550333600.0
2020-09-05,186820385400.0
2020-09-07,186953343340.625
2020-09-08,183352723999.99994
2020-09-09,189076927600.0
2020-09-11,188803313943.75
2020-09-12,190970064374.99997
2020-09-13,190825956300.0
2020-09-14,197920518234.375
2020-09-16,198470263871.875
2020-09-17,200860036112.5
2020-09-18,202991227228.125
2020-09-19,204114756184.375
2020-09-21,202649027265.625
2020-09-22,193841208772.6329
2020-09-24,190717537437.5
2020-09-25,196215941109.375
2020-09-26,198255242550.0
2020-09-28,201229247450.0
2020-09-29,198541549062.5
2020-10-01,199887431837.5
2020-10-02,195052515375.0
2020-10-04,195223199200.0
2020-10-05,197725904887.50003
2020-10-06,195444384256.25
2020-10-08,196540608859.375
2020-10-09,204977164937.5
2020-10-10,209388179812.5
2020-10-12,210041290406.25
2020-10-13,210851875234.375
2020-10-15,211208894100.0
2020-10-16,208612240218.75
2020-10-17,210358142168.75
2020-10-19,211863506343.75
2020-10-20,221111373828.125
2020-10-22,236982796031.24997
2020-10-23,238647909921.875
2020-10-25,247167797606.25
2020-10-26,242228535000.0
2020-10-29,245846056694.85052
2020-10-30,250720503262.5
2020-11-01,256528612862.5
2020-11-03,250643557003.125
2020-11-04,260390886528.125
2020-11-06,292984523287.5
2020-11-07,288518774156.25
2020-11-08,283477839375.0
2020-11-10,283302582387.5
2020-11-11,287335825875.0
2020-11-12,295393210246.87494
2020-11-14,300030561862.49994
2020-11-15,296815264000.00006
2020-11-16,312274402606.25
2020-11-18,328792795200.0
2020-11-19,328101308100.0
2020-11-20,347730000156.25
2020-11-21,346649923275.0
2020-11-23,336386773671.875
2020-11-24,354211131525.0
2020-11-25,349244177231.25006
2020-11-27,316843972089.6951
2020-11-28,318803321363.08746
2020-11-29,339452399459.375
2020-12-01,362841517409.375
2020-12-02,355701983581.25
2020-12-04,359633421875.0
2020-12-05,354887314512.5
2020-12-07,357231983018.75
2020-12-08,349199077281.25
2020-12-09,344980311271.875
2020-12-11,329954470625.0
2020-12-12,350524099318.75
2020-12-14,354921426649.99994
2020-12-15,360257231250.0
2020-12-17,405600313212.5
2020-12-18,417515644175.0
2020-12-19,443633707453.125
2020-12-21,443208723987.5
2020-12-22,432129368125.0
2020-12-24,426956479125.0
2020-12-25,452942790393.75
2020-12-27,495981786643.75
2020-12-28,499326459597.3005
2020-12-29,490724877718.75
2020-12-30,536005719840.625
2021-01-01,545967631096.875
2021-01-02,552919950834.375
2021-01-03,609934685996.875
2021-01-04,593858414150.0
2021-01-06,654062980668.75
2021-01-07,691824389950.0
2021-01-08,769457724721.875
2021-01-10,756642074484.375
2021-01-11,659095174115.625
2021-01-12,644735601000.0
2021-01-14,694319834243.75
2021-01-15,709815591000.0
2021-01-16,676063616043.75
2021-01-18,655859734837.5
2021-01-19,700277016328.125
2021-01-21,646143771843.75
2021-01-22,604730383812.5
2021-01-23,596779004624.9999
2021-01-25,615252805578.125
2021-01-26,596181274571.8751
2021-01-28,585882504362.5
2021-01-29,700285091675.0
2021-01-30,643305613537.5
2021-02-01,640379953762.5
2021-02-02,663648936540.625
2021-02-04,702858756250.0
2021-02-05,703083305981.25
2021-02-06,750411213646.875
2021-02-07,727630805890.625
2021-02-09,889298447865.625
2021-02-10,829833410278.125
2021-02-12,883357612812.5
2021-02-13,875529254031.25
2021-02-14,912548430225.0
2021-02-16,911231944390.6248
2021-02-17,974892256406.2499
2021-02-19,965055660834.375
2021-02-20,1057853244437.5001
2021-02-22,1048989651018.75
2021-02-23,881714112743.75
2021-02-25,947453833875.0
2021-02-26,868395029585.5518
2021-02-27,873459426206.25
2021-03-01,855734474812.5
2021-03-02,892845168150.0
2021-03-04,956352315437.5
2021-03-05,880539813496.875
2021-03-06,908000752156.2499
2021-03-08,943577262271.875
2021-03-09,1013771531250.0
2021-03-11,1047224522187.5
2021-03-12,1059978597312.4999
2021-03-13,1135650979518.75
2021-03-15,1121522618653.1252
2021-03-16,1027434728062.5
2021-03-18,1101040380400.0
2021-03-19,1088008327475.0
2021-03-20,1104446186625.0
2021-03-21,1072816913918.75
2021-03-23,1002805519909.375
2021-03-24,1061550284928.125
2021-03-25,978338176007.6091
2021-03-27,1024540578131.25
2021-03-28,1039711781100.0
2021-03-29,1074804026312.5
2021-03-31,1079419975134.3627
2021-04-01,1101844975875.0
2021-04-03,1106494124743.75
2021-04-04,1080949568359.375
2021-04-05,1101704708531.25
2021-04-07,1080395391562.5
2021-04-08,1073184370375.0
2021-04-10,1085650349681.25
2021-04-11,1112874529200.0
2021-04-12,1117321440806.25
2021-04-14,1205679363415.6252
2021-04-15,1173794339359.375
2021-04-17,1164597497631.25
2021-04-19,1066977801731.25
2021-04-20,1066097199196.8751
2021-04-22,1019840448184.375
2021-04-24,932338490531.25
2021-04-25,931859430800.0
2021-04-27,1004149684500.0
2021-04-28,1031360540600.0
2021-04-30,999453052603.125
2021-05-01,1075418008593.75
2021-05-02,1063262557868.7501
2021-05-03,1068110559986.961
2021-05-05,1022631397768.75
2021-05-06,1063890077906.25
2021-05-07,1055826348112.5
2021-05-08,1099883843742.1182
2021-05-09,1076124550068.75
2021-05-10,1034921898125.0
2021-05-12,1069301278012.5
2021-05-13,954744930000.0
2021-05-14,952882226612.5
2021-05-16,900854635781.25
2021-05-17,826152886905.5428
2021-05-19,687938461312.5
2021-05-21,765924057696.875
2021-05-23,697370968125.0
2021-05-24,713468356234.375
2021-05-26,752208381284.375
2021-05-28,713339601344.3511
2021-05-29,648827343193.75
2021-05-31,674203076625.0
2021-06-01,678414612562.5
2021-06-03,701717273184.375
2021-06-04,681577464903.125
2021-06-05,662849098650.0
2021-06-07,679768601312.5
2021-06-08,606476534618.75
2021-06-10,701187009006.25
2021-06-12,662616822675.0
2021-06-13,703286542537.5
2021-06-15,755986985054.7903
2021-06-16,724226282962.5001
2021-06-18,710961822187.5
2021-06-20,666513642600.0
2021-06-22,613612363638.7424
2021-06-24,618109606209.375
2021-06-26,605124906871.875
2021-06-28,642757147881.25
2021-07-01,648152268028.125
2021-07-03,631764421875.0
2021-07-04,665450220478.1249
2021-07-06,635355622956.2501
2021-07-07,636870320034.375
2021-07-09,616905269837.4999
2021-07-10,627851695500.0
2021-07-12,634955169553.125
2021-07-13,610503344037.5
2021-07-15,611876378390.6251
2021-07-16,597445684062.4999
2021-07-18,599924612625.0001
2021-07-19,588070747162.5
2021-07-20,557641191800.0
2021-07-22,601837818768.75
2021-07-23,607404841875.0
2021-07-24,638887639350.0
2021-07-26,725436935437.5
2021-07-27,709168181112.3314
2021-07-28,753135070681.25
2021-07-30,752876262431.25
2021-07-31,782633880287.5
2021-08-01,777589568250.0
2021-08-03,730095556171.875
2021-08-04,710871510325.0
2021-08-05,736437371750.0
2021-08-06,797476808643.4464
2021-08-08,825589324725.0
2021-08-09,844857661875.0
2021-08-10,846097730100.0
2021-08-12,858383751725.8204
2021-08-13,867560533884.3751
2021-08-14,881623753562.5
2021-08-15,874487507481.25
2021-08-17,871587091209.375
2021-08-18,849652857393.75
2021-08-19,856972665465.625
2021-08-21,922793743156.25
2021-08-22,919407127528.125
2021-08-23,944973723318.75
2021-08-24,926476100550.0
2021-08-25,918521582059.375
2021-08-27,877386839499.2754
2021-08-28,915684293950.0
2021-08-29,919506314706.25
2021-08-31,895218976075.0
2021-09-01,906156994134.375
2021-09-03,931275372218.75
2021-09-04,938032891081.25
2021-09-05,945835121278.125
2021-09-06,989431663500.0
2021-09-08,862907603125.0
2021-09-09,879011505900.0
2021-09-11,851905250000.0
2021-09-12,864069077218.75
2021-09-13,847805308125.0
2021-09-15,886445301149.9999
2021-09-16,891933644937.5
2021-09-18,889697885006.25
2021-09-19,905849053200.0
2021-09-20,823622823000.0
2021-09-22,773704000625.0
2021-09-23,823168600375.0
2021-09-24,792162311999.9999
2021-09-26,791650645625.0
2021-09-27,820115239812.5
2021-09-28,784366984625.0
2021-09-30,816553334850.0
2021-10-01,886585843000.0001
2021-10-02,897503624259.4581
2021-10-04,897628440000.0
2021-10-05,933938569825.342
2021-10-06,1034727991300.0
2021-10-08,1015027084968.75
2021-10-09,1033095823900.0
2021-10-10,1030124228374.5715
2021-10-12,1083390562500.0
2021-10-13,1071837125512.4999
2021-10-15,1115948712374.9998
2021-10-16,1153525786312.5
2021-10-17,1148646396631.25
2021-10-19,1170963117654.5493
2021-10-20,1259571084462.0825
2021-10-21,1174334740796.8752
2021-10-23,1151094227850.0
2021-10-24,1125022257743.75
2021-10-25,1187864098093.7498
2021-10-27,1143909701284.0781
2021-10-28,1145934885506.2498
2021-10-29,1185265372950.0
2021-10-30,1158743680950.0
2021-11-01,1169354875000.0
2021-11-02,1201460528850.0
2021-11-03,1186129805087.4995
2021-11-05,1172645724700.0
2021-11-06,1146416107593.75
2021-11-07,1186264199062.5
2021-11-09,1287599865787.5
2021-11-10,1288506840484.375
2021-11-12,1224003774589.2295
2021-11-13,1203505513865.2642
2021-11-14,1208281937462.5
2021-11-16,1173728879675.0
2021-11-17,1115036816555.6265
2021-11-18,1096122046331.2501
2021-11-20,1107106998237.5
2021-11-21,1124012516700.0
2021-11-23,1072665805078.1251
2021-11-24,1058236802615.625
2021-11-26,1094969570687.5
2021-11-27,1036635236114.3224
2021-11-29,1088628689421.875
2021-11-30,1073591758078.125
2021-12-01,1075174593234.375
2021-12-03,1070127361046.875
2021-12-04,890508759037.5
2021-12-05,919331628125.0001
2021-12-06,933024688075.0
2021-12-08,949289250712.5
2021-12-09,931185249779.692
2021-12-10,897004621031.25
2021-12-12,932017324500.0
2021-12-13,922053263206.2501
2021-12-14,883756927017.2499
2021-12-16,924031897659.7501
2021-12-17,900912569249.0
2021-12-19,885948894411.875
2021-12-20,882711321184.0
2021-12-22,925223042089.5
2021-12-23,919494930591.5625
2021-12-24,960351367099.3125
2021-12-26,954462571423.5
2021-12-27,960771547777.875
2021-12-29,900314761230.5
2021-12-30,877820875495.625
2021-12-31,891576497952.0
2022-01-02,903561004150.125
2022-01-03,895383253164.9375
2022-01-04,878682160537.5625
2022-01-06,821866903088.5625
2022-01-07,815950929686.8125
2022-01-09,788950039429.0625
2022-01-10,792286358569.25
2022-01-11,792046990256.25
2022-01-13,831412384912.5
2022-01-14,805354383048.25
2022-01-15,815875114665.9375
2022-01-16,816822330381.3125
2022-01-18,799871903366.5625
2022-01-19,786153942887.5
2022-01-20,795920883237.5
2022-01-22,690554838393.75
2022-01-23,677571744681.25
2022-01-24,699380443258.71
2022-01-26,714671509925.0
2022-01-27,686269260056.25
2022-01-29,711470981993.75
2022-01-30,722714553750.0
2022-01-31,728427359087.5
2022-02-02,728684313000.0
2022-02-03,693319407187.5
2022-02-05,783241324387.5
2022-02-06,790854695718.75
2022-02-08,828564225250.0
2022-02-09,827653371306.25
2022-02-10,847136500762.5
2022-02-12,802212012412.5
2022-02-13,803535539900.0
2022-02-14,801427849875.0
2022-02-15,837010761600.0
2022-02-17,835986027656.25
2022-02-18,774397104250.0
2022-02-19,760416049375.0
2022-02-21,744176379506.25
2022-02-22,715152252375.0
2022-02-24,697465906568.75
2022-02-25,742727748690.4011
2022-02-27,735498365218.75
2022-02-28,756452924218.75
2022-03-01,835804394072.1378
2022-03-03,827740797043.75
2022-03-04,777001252459.9803
2022-03-06,744244458912.5
2022-03-07,733172148637.3082
2022-03-09,782641474312.5
2022-03-10,746437363930.7979
2022-03-12,737466328749.2731
2022-03-13,743372594475.0
2022-03-14,743308381725.0
2022-03-16,786889317668.75
2022-03-17,772595258818.6812
2022-03-18,778431075900.0
2022-03-20,798344610750.0
2022-03-21,781667875725.0
2022-03-22,810660756107.7686
2022-03-24,812121188100.0
2022-03-25,843913082600.0
2022-03-26,843095702662.5
2022-03-28,890351453536.5272
2022-03-29,906601585987.5
2022-03-30,892451014375.0
2022-04-01,851358775998.8527
2022-04-02,879877281068.75
2022-04-04,878090713506.8938
2022-04-05,891206553287.5
2022-04-06,824958373777.8367
2022-04-08,828605671925.0
2022-04-09,810280932562.5
2022-04-11,804442100500.0
2022-04-12,767445392756.25
2022-04-14,787762173756.25
2022-04-15,766901383199.776
2022-04-16,769005304781.25
2022-04-18,757552371000.0
2022-04-19,788352271443.75
2022-04-21,789203341968.75
2022-04-22,773670154325.0668
2022-04-23,756171568540.8031
2022-04-24,751850301698.9136
2022-04-26,773416273311.0356
2022-04-27,740098997400.0
2022-04-28,762084174643.75
2022-04-30,736468326925.0
2022-05-01,723588980913.7874
2022-05-02,726157798293.75
2022-05-04,721277191987.5
2022-05-05,752906792291.8417
2022-05-06,685068801373.3595
2022-05-08,655449658600.0
2022-05-09,623647390837.5
2022-05-10,591898007875.0
2022-05-12,520508046887.5
2022-05-13,588168737700.0
2022-05-15,569757822650.0
2022-05-16,561836839287.5
2022-05-17,576118034887.5
2022-05-19,561855685181.25
2022-05-21,556300295025.0687
2022-05-22,567149305456.25
2022-05-24,556386451869.9049
2022-05-25,568735463790.2493
2022-05-26,560670666906.25
2022-05-28,548781518031.25
2022-05-29,558020419950.0
2022-05-31,606159154795.6115
2022-06-01,605809078100.0
2022-06-03,583144156884.5072
2022-06-04,565410333475.0
2022-06-05,571451806206.25
2022-06-07,562741094850.0
2022-06-08,580279813199.9857
2022-06-09,578656985562.5
2022-06-11,558182175750.0
2022-06-12,522757287237.5
2022-06-14,398057322637.5
2022-06-15,385509484921.7726
2022-06-16,394887323250.0
2022-06-18,364953593775.0
2022-06-19,386548002450.0
2022-06-21,406657698356.25
2022-06-22,379579938125.0
2022-06-24,398528349225.0
2022-06-25,403152259781.25
2022-06-27,404037457787.5
2022-06-28,401087803737.5
2022-06-29,387561549719.8142
2022-07-01,376328553267.8954
2022-07-02,368110272587.26013
2022-07-04,368483284650.0
2022-07-05,371599552500.0
2022-07-07,389720046874.25977
2022-07-08,408928249218.75
2022-07-09,414605936450.0
2022-07-11,389624519868.75
2022-07-12,378797516786.9245
2022-07-14,378506570400.0
2022-07-15,399573861175.0
2022-07-17,408919201087.5
2022-07-18,414408155000.0
2022-07-20,449251957237.5
2022-07-21,442979617521.6561
2022-07-23,429847638150.0
2022-07-24,434624342198.37415
2022-07-26,402300080025.0
2022-07-27,407179270337.5
2022-07-28,454340828625.0
2022-07-30,455307107043.75
2022-07-31,453789400125.0
2022-08-02,445196018711.6443
2022-08-03,439389457059.61945
2022-08-04,431670972450.0
2022-08-06,442957390312.5
2022-08-07,438867088032.10693
2022-08-08,458538340456.25
2022-08-10,437577882487.5
2022-08-11,472288010950.0
2022-08-12,460598692125.0
2022-08-14,471241357875.0
2022-08-15,460602152062.5
2022-08-17,459466016200.0
2022-08-18,447141769375.0
2022-08-19,406925318356.8496
2022-08-21,406172329781.25
2022-08-22,405625408812.5
2022-08-23,410224390125.0
2022-08-25,412604612306.25
2022-08-26,410177988118.6612
2022-08-27,382523304450.0
2022-08-29,376100144812.5
2022-08-30,390592039850.0
2022-08-31,389297567750.0
2022-09-02,383409333287.5
2022-09-03,378860129100.0
2022-09-04,380435573437.5
2022-09-06,378603826150.0
2022-09-07,358202214562.5
2022-09-09,370822866905.5979
2022-09-10,412070165925.0
2022-09-11,414477347055.296
2022-09-12,428955412972.68555
2022-09-14,387045829068.75
2022-09-15,380310859337.5
2022-09-17,380469999531.25
2022-09-18,381165843750.0
2022-09-19,374497919176.5967
2022-09-21,361249613156.41315
2022-09-22,365167897981.25
2022-09-24,364023256250.0
2022-09-25,365062982118.75
2022-09-27,379171101225.0
2022-09-28,367141475148.7417
2022-09-29,373185460925.8931
2022-10-01,372270186400.0
2022-10-02,369822200062.5
2022-10-03,372510912000.0
2022-10-04,386773836514.7476
2022-10-06,388145619675.0
2022-10-07,380464122937.5
2022-10-08,374737262250.0
2022-10-09,374647136175.0
2022-10-10,369008322824.14716
2022-10-12,366680907368.75
2022-10-13,367836557375.0
2022-10-14,368129283637.5
2022-10-16,367923587962.5
2022-10-17,373798294268.75
2022-10-19,369928828800.0
2022-10-20,368802227250.0
2022-10-21,367790468062.5
2022-10-23,368313532025.0
2022-10-24,370601981212.5
2022-10-26,389144250731.25
2022-10-27,397690559843.75
2022-10-28,395548021687.5
2022-10-30,400621881356.25
2022-10-31,391876315600.0
2022-11-01,393265122862.5
2022-11-03,388587698200.0
2022-11-04,406045499062.5
2022-11-06,406936184343.75
2022-11-07,397976924756.25
2022-11-08,354932656125.0
2022-11-10,320101787143.75
2022-11-11,319373953125.0
2022-11-13,324734202600.0
2022-11-14,319051110656.25
2022-11-16,322222272968.75
2022-11-17,317671635750.0
2022-11-18,319863358125.0
2022-11-20,320383897900.0
2022-11-21,307013315450.0
2022-11-23,316333458187.5
2022-11-24,318660275368.75
2022-11-26,318988688906.25
2022-11-28,309900025781.25
2022-11-29,315744209175.0
2022-12-01,329585059050.0
2022-12-02,326223668606.25
2022-12-04,325879844550.0
2022-12-05,331957103731.25
2022-12-06,326691696600.0
2022-12-08,322983020062.5
2022-12-09,331195774700.0
2022-12-10,331083125212.5
2022-12-12,326797056075.0
2022-12-13,336319383262.5
2022-12-14,348689560200.0
2022-12-16,334709322562.5
2022-12-17,321496804181.25
2022-12-19,323191785000.0
2022-12-20,323732549625.0
2022-12-21,323503671925.0
2022-12-23,324929521800.0
2022-12-25,324200483100.0
2022-12-26,324472030187.5
2022-12-28,321279368800.0
2022-12-29,320569079400.0
2022-12-31,319550730450.0
2023-01-01,318801730975.0
2023-01-02,321806429250.0
2023-01-03,321211590343.75
2023-01-05,324467227737.5
2023-01-06,322794567375.0
2023-01-07,326377970625.0
2023-01-09,331887608718.75
2023-01-10,332602759125.0
2023-01-11,334203813037.5
2023-01-13,360708771200.0
2023-01-14,402530222925.0
2023-01-15,398935176750.0
2023-01-16,407379773062.5
2023-01-18,409872448750.0
2023-01-19,400073414843.75
2023-01-21,435206033662.5
2023-01-22,437585398250.0
2023-01-23,440408292675.0
2023-01-25,436178225031.25
2023-01-26,442489954950.0
2023-01-27,445660653625.0
2023-01-28,443588807475.0
2023-01-30,457034540287.5
2023-01-31,445863896800.0
2023-02-02,458945224312.5
2023-02-03,450973964937.5
2023-02-05,450425038000.0
2023-02-06,439251016218.75
2023-02-08,448054330450.0
2023-02-09,437553678000.0
2023-02-10,416000224550.0
2023-02-12,420675914625.0
2023-02-13,419256739125.0
2023-02-14,417470850237.5
2023-02-15,467986397287.5
2023-02-17,457945917150.0
2023-02-18,475186793100.0
2023-02-19,475931986093.75
2023-02-20,478472059406.25
2023-02-22,465940267800.0
2023-02-23,468248259937.5
2023-02-24,445059885456.25
2023-02-26,448467024375.0
2023-02-27,449519585693.75
2023-03-01,453796023656.25
2023-03-02,451779413487.5
2023-03-03,431517037500.0
2023-03-05,432240500737.5
2023-03-06,432867646493.75
2023-03-07,431042086556.25
2023-03-09,420216743681.25
2023-03-10,384938987893.75
2023-03-11,395316907031.25
2023-03-13,433839746375.0
2023-03-14,502213115250.0
2023-03-15,472012270037.5
2023-03-17,509118004800.0
2023-03-18,528143976937.5
2023-03-20,536062210168.75
2023-03-21,541102072387.5
2023-03-22,548500588031.25
2023-03-23,546816917500.0
2023-03-25,534309083062.5
2023-03-26,539736713100.0
2023-03-27,520712550175.0
2023-03-29,547617066400.0
2023-03-30,542935685250.0
2023-04-01,552232221993.75
2023-04-02,547241335300.0
2023-04-04,537454195687.5
2023-04-05,551393217462.5
2023-04-06,542707726093.75
2023-04-08,538875296025.0
2023-04-09,539258793193.75
2023-04-10,574865229750.0
2023-04-12,579622866900.0
2023-04-13,587379446212.5
2023-04-15,587785552887.5
2023-04-16,585424975950.0
2023-04-17,572015780381.25
2023-04-19,585075859775.0
2023-04-20,555486780968.75
2023-04-22,528080706318.75
2023-04-23,537114809750.0
2023-04-24,532156164737.5
2023-04-26,548837745250.0
2023-04-27,573129160256.25
2023-04-29,567687897875.0
2023-04-30,576011178650.0
2023-05-01,540442957643.75
2023-05-03,555078045987.5
2023-05-04,557050660575.0
2023-05-06,567834824475.0
2023-05-07,560280077500.0
2023-05-09,535641753700.0
2023-05-10,546136077900.0
2023-05-11,522597731212.5
2023-05-13,520481522400.0
2023-05-14,519430551750.0
2023-05-15,532173959100.0
2023-05-17,525446896400.0
2023-05-18,530519118387.5
2023-05-19,521562402593.75
2023-05-21,525239708806.25
2023-05-22,522134260031.25
2023-05-23,527440154943.75
2023-05-25,509641984606.25
2023-05-26,520724312456.25
2023-05-28,526477010337.5
2023-05-29,541710680812.5
2023-05-30,537383778787.5
2023-06-01,529469076500.0
2023-06-02,525587125781.25
2023-06-03,525679691400.0
2023-06-05,520400147625.0
2023-06-06,502882097231.25
2023-06-08,512845504593.75
2023-06-09,514741174412.5
2023-06-10,507461653500.0
2023-06-11,507029089050.0
2023-06-13,507023283937.5
2023-06-14,502380517275.0
2023-06-16,495893652187.5
2023-06-17,515078522700.0
2023-06-18,513598368937.5
2023-06-20,520191426425.0
2023-06-21,582429676500.0
2023-06-23,581788221175.0
2023-06-24,594152255531.25
2023-06-26,587085999881.25
2023-06-27,593957944687.5
2023-06-29,590443657900.0
2023-06-30,586482339025.0
2023-07-02,594132075300.0
2023-07-03,595918764000.0
2023-07-04,600385628400.0
2023-07-06,592850406475.0
2023-07-07,585391889500.0
2023-07-08,587353075306.25
2023-07-09,588595978093.75
2023-07-11,593160735825.0
2023-07-12,596249594318.75
2023-07-14,611831356706.25
2023-07-15,589448858031.25
2023-07-16,589545642000.0
2023-07-18,582452195812.5
2023-07-19,580702311581.25
2023-07-21,581187043500.0
2023-07-22,580466779406.25
2023-07-24,579493727793.75
2023-07-25,570842186787.5
2023-07-27,572181750993.75
2023-07-28,568816846925.0
2023-07-30,571186906150.0
2023-07-31,573090798087.5
2023-08-01,563658737075.0
2023-08-03,569276658037.5
2023-08-04,567252336600.0
2023-08-05,565422054800.0
2023-08-07,567637190400.0
2023-08-08,576232717200.0
2023-08-10,576406287187.5
2023-08-11,572222162050.0
2023-08-12,573815724225.0
2023-08-14,571888211212.5
2023-08-15,572295019500.0
2023-08-16,567370254318.75
2023-08-17,542750904625.0
2023-08-19,505575393150.0
2023-08-20,509675944312.5
2023-08-21,508502388281.25
2023-08-23,507387071350.0
2023-08-24,508198649175.0
2023-08-26,507900652000.0
2023-08-27,509491293918.75
2023-08-29,506584282062.5
2023-08-30,530333774575.0
2023-09-01,507623630325.0
2023-09-02,502865858762.5
2023-09-03,506735148543.75
2023-09-05,500827720900.0
2023-09-06,501483806250.0
2023-09-08,513398736950.0
2023-09-09,504276105900.0
2023-09-11,501873547912.5
2023-09-12,503581624225.0
2023-09-13,509323196250.0
2023-09-15,516799735400.0
2023-09-16,520672151037.5
2023-09-17,518679108375.0
2023-09-18,523020054275.0
2023-09-20,529076748062.5
2023-09-21,518292944750.0
2023-09-23,517956142162.5
2023-09-24,518984076487.5
2023-09-25,513929278068.75
2023-09-27,512363798168.75
2023-09-28,518090657850.0
2023-09-29,525202899750.0
2023-10-01,530326635562.5
2023-10-02,542647323750.0
2023-10-04,533730386475.0
2023-10-05,540474544250.0
2023-10-06,545190953125.0
2023-10-08,545616384000.0
2023-10-09,537263401500.0
2023-10-10,534430410543.75
2023-10-11,522875456493.75
2023-10-13,523123925187.5
2023-10-14,526026430387.5
2023-10-15,530627096743.75
2023-10-17,551172990150.0
2023-10-18,553258497618.75
2023-10-20,559755127750.0
2023-10-21,581498007187.5
2023-10-22,583058268225.0
2023-10-24,665148755118.75
2023-10-25,680694018406.25
2023-10-27,665625709656.25
2023-10-28,666020434887.5
2023-10-29,671746215000.0
2023-10-31,674465518031.25
2023-11-01,673337318368.75
2023-11-02,680842240306.25
2023-11-04,677839167118.75
2023-11-05,686126700781.25
2023-11-06,684549631237.5
2023-11-08,689829621937.5
2023-11-09,710525717550.0
2023-11-11,728410658000.0
2023-11-12,724198660762.5
2023-11-13,720455100300.0
2023-11-15,696151617862.5
2023-11-16,720724318481.25
2023-11-18,713089813100.0
2023-11-19,716263549175.0
2023-11-20,725380226250.0
2023-11-21,722005986975.0
2023-11-23,729559944487.5
2023-11-24,737036665200.0
2023-11-25,739587024062.5
2023-11-27,730229244000.0
2023-11-28,732075720425.0
2023-11-30,739300276218.75
2023-12-01,755581075068.75
2023-12-02,772314077625.0
2023-12-04,794193644662.5
2023-12-05,815136820312.5
2023-12-07,856545844700.0
2023-12-08,858635804000.0
2023-12-09,855345783193.75
2023-12-11,829103751568.75
2023-12-12,801409743718.75
2023-12-14,839524042500.0
2023-12-15,837993253781.25
2023-12-16,833115204993.75
2023-12-18,807920138606.25
2023-12-19,845085301368.75
2023-12-20,863286716250.0
2023-12-22,859231786875.0
2023-12-23,850908000037.5
2023-12-24,855701102250.0
2023-12-25,851742772381.25
2023-12-27,832431085687.5
2023-12-28,833209601425.0
2023-12-30,823725647250.0
2023-12-31,832768630200.0
2024-01-01,851939283437.5
2024-01-03,887919183925.0
2024-01-04,851931570787.5
2024-01-05,862408807850.0
2024-01-07,864266858712.5
2024-01-09,918596493143.75
2024-01-10,882640727718.75
2024-01-11,897668869406.25
2024-01-13,842188864218.75
2024-01-14,841302663150.0
2024-01-16,836006136975.0
2024-01-17,832257398500.0
2024-01-19,806749686550.0
2024-01-20,815898190250.0
2024-01-22,813323954937.5
2024-01-23,780281577900.0
2024-01-24,785155221750.0
2024-01-25,781911785925.0
2024-01-27,819593680750.0
2024-01-28,835708214412.5
2024-01-29,825053917350.0
2024-01-31,842386922281.25
2024-02-01,827514455900.0
2024-02-02,847497764750.0
2024-02-03,844296082087.5
2024-02-05,836718735968.75
2024-02-06,841030384175.0
2024-02-07,853622753156.25
2024-02-09,903598229337.5
2024-02-10,926655459800.0
2024-02-11,945869137312.5
2024-02-13,980983852050.0
2024-02-14,1014512357950.0
2024-02-15,1017365239125.0
2024-02-17,1019885417406.25
2024-02-18,1015710944812.5
2024-02-20,1018112556600.0
2024-02-21,1002157032937.5
2024-02-23,1005638323800.0
2024-02-24,1014326635937.5
2024-02-25,1015609718756.25
2024-02-27,1105387095281.25
2024-02-28,1198868130375.0
2024-03-01,1220511712612.5
2024-03-02,1213204432700.0
2024-03-04,1244850577625.0
2024-03-05,1323315828000.0
2024-03-06,1298724630500.0
2024-03-08,1319183010950.0
2024-03-09,1339389422125.0
2024-03-10,1362781392056.25
2024-03-11,1421117205187.5
2024-03-13,1443553992300.0
2024-03-14,1383681494287.5
2024-03-16,1351004573700.0
2024-03-17,1329744052000.0
2024-03-19,1334862773600.0
2024-03-20,1215085445450.0
2024-03-21,1285823718112.5
2024-03-23,1265792993475.0
2024-03-24,1288920301875.0
2024-03-26,1373049247600.0
2024-03-27,1377424521637.5
2024-03-28,1390453806875.0
2024-03-30,1377581709468.75
2024-03-31,1389650175000.0
2024-04-02,1312821617643.75
2024-04-03,1308283314000.0
2024-04-05,1335006059450.0
2024-04-06,1332711080887.5
2024-04-07,1372010966500.0
2024-04-08,1414601995625.0
2024-04-10,1366657789231.25
2024-04-11,1383670134218.75
2024-04-13,1327215924025.0
2024-04-14,1265931397237.5
2024-04-15,1244932206843.75
2024-04-17,1261606843250.0
2024-04-18,1255192112000.0
2024-04-19,1257281927587.5
2024-04-21,1279984070625.0
2024-04-22,1310818324856.25
2024-04-24,1314621441900.0
2024-04-25,1251655707850.0
2024-04-26,1263195180225.0
2024-04-28,1261995124865.625
2024-04-29,1242639432400.0
2024-05-01,1134901889340.625
2024-05-02,1171666255350.0
2024-05-04,1244551270875.0
2024-05-05,1263300896156.25
2024-05-07,1262870709368.75
2024-05-09,1213199112750.0
2024-05-10,1241817642075.0
2024-05-11,1202366260112.5
2024-05-13,1218970919700.0
2024-05-14,1212233766625.0
2024-05-16,1297550137550.0
2024-05-17,1308524984950.0
2024-05-19,1319698372525.0
2024-05-20,1320903428900.0
2024-05-21,1375873735762.5
2024-05-23,1368550309162.5
2024-05-24,1324322651765.625
2024-05-25,1361328688946.875
2024-05-26,1352170941650.0
2024-05-28,1352549454687.5
2024-05-29,1333853237718.75
2024-05-31,1348241900906.25
2024-06-01,1335731995521.875
2024-06-03,1363621077956.25
2024-06-04,1380199640196.875
2024-06-06,1397902866581.25
2024-06-07,1396765093762.5
2024-06-08,1366772180343.75
2024-06-10,1369831641750.0
2024-06-11,1326097367481.25
2024-06-13,1331580248037.5
2024-06-14,1284175867150.0
2024-06-16,1304659481165.625
2024-06-17,1299910868812.5
2024-06-18,1284989640675.0
2024-06-20,1295440203881.25
2024-06-21,1269536569393.75
2024-06-23,1271805537112.5
2024-06-24,1180163917500.0
2024-06-26,1209601037287.5
2024-06-28,1223127258000.0
2024-06-29,1205360682075.0
2024-07-01,1238488196843.75
2024-07-02,1236063051900.0
2024-07-03,1187708812012.5
2024-07-05,1072259666106.25
2024-07-06,1140966199353.125
2024-07-08,1093925411700.0
2024-07-09,1138869880618.75
2024-07-10,1139320528850.0
2024-07-12,1125392335300.0
2024-07-13,1164247477750.0
2024-07-14,1201290181875.0
2024-07-16,1281279116250.0
2024-07-17,1281912127340.625
2024-07-18,1264139201250.0
2024-07-20,1316893468800.0
2024-07-21,1319717782237.5
2024-07-22,1330907762456.25
2024-07-23,1302618392693.75
2024-07-25,1270657080000.0
2024-07-26,1330266832228.125
2024-07-27,1351205970056.25
2024-07-29,1371100412675.0
2024-07-30,1322265463956.25
2024-07-31,1318025511250.0
2024-08-02,1275559949950.0
2024-08-03,1192890952859.375
2024-08-05,1075896114843.75
2024-08-06,1092193331337.5
2024-08-08,1124518779843.75
2024-08-09,1195591061212.5
2024-08-11,1205873489225.0
2024-08-12,1180981939406.25
2024-08-14,1197522194437.5
2024-08-15,1155770433525.0
2024-08-16,1175844547812.5
2024-08-18,1181863819246.875
2024-08-19,1155526318375.0
2024-08-20,1175898305006.25
2024-08-22,1206577640287.5
2024-08-23,1208768315912.5
2024-08-24,1270272258796.875
2024-08-26,1260914314462.5
2024-08-27,1229598301078.125
2024-08-29,1170556478437.5
2024-08-30,1158646846087.5
2024-09-01,1167787816171.875
2024-09-02,1149065927015.625
2024-09-03,1143039856750.0
2024-09-05,1143334948162.5
2024-09-06,1108492603125.0
2024-09-07,1075464763868.75
2024-09-09,1088693607806.25
2024-09-10,1130801390634.375
2024-09-12,1147904091365.625
2024-09-13,1152504038400.0
2024-09-15,1192148290296.875
2024-09-16,1162593596896.875
2024-09-17,1189657207237.5
2024-09-19,1238848506131.25
2024-09-20,1248509836831.25
2024-09-22,1237880726981.25
2024-09-23,1254694853809.375
2024-09-25,1266156253434.375
2024-09-26,1289295548437.5
2024-09-28,1303111071325.0
2024-09-29,1304160697531.25
2024-10-01,1264363697668.75
2024-10-02,1215790266006.25
2024-10-03,1208833555750.0
2024-10-05,1230987713343.75
2024-10-06,1226441833312.5
2024-10-07,1260773069437.5
2024-10-08,1235573352062.5
2024-10-10,1208494281568.75
2024-10-11,1247848097250.0
2024-10-13,1243104344650.0
2024-10-14,1301853777575.0
2024-10-16,1322513602593.75
2024-10-17,1330147072250.0
2024-10-18,1361662990537.5
2024-10-20,1351960228000.0
2024-10-21,1361493573600.0
2024-10-22,1334331610500.0
2024-10-23,1309243972496.875
2024-10-25,1340032247587.5
2024-10-26,1325838473450.0
2024-10-27,1343341807171.875
2024-10-29,1410796164050.0
2024-10-30,1433859748425.0
2024-10-31,1398744102250.0
2024-11-01,1364991218212.5
2024-11-03,1353228290400.0
2024-11-04,1345677046875.0
2024-11-06,1481004252000.0
2024-11-07,1482278052193.75
2024-11-08,1512806014912.5
2024-11-10,1566241735050.0
2024-11-11,1718347816496.875
2024-11-13,1712587420703.125
2024-11-14,1757330011556.25
2024-11-16,1808307325000.0
2024-11-17,1795327736868.75
2024-11-18,1803437140700.0
2024-11-19,1818274145690.625
2024-11-21,1915953030103.125
2024-11-22,1949393093012.5
2024-11-24,1938553174131.25
2024-11-25,1931550975800.0
2024-11-26,1815853850481.25
2024-11-28,1890732406668.75
2024-11-29,1927323772890.625
2024-12-01,1909020645375.0
2024-12-02,1916562615103.125
2024-12-04,1900810705787.5
2024-12-05,2017761266250.0
2024-12-06,2010106622750.0
2024-12-08,1985231944687.5
2024-12-09,1947885715750.0
2024-12-10,1900857720490.625
2024-12-12,1996112358875.0
2024-12-13,1979171698415.625
2024-12-14,2007127529531.25
2024-12-16,2069551591625.0
2024-12-17,2124654285000.0
2024-12-18,2001974392000.0
2024-12-20,1881267723000.0
2024-12-21,1928470706165.625
2024-12-23,1864499831746.875
2024-12-24,1932138583812.5
2024-12-26,1966654873625.0
2024-12-27,1914342036093.75
2024-12-28,1885273639850.0
2024-12-30,1859292962496.875
2024-12-31,1866184516131.25
2025-01-01,1878502899796.875
2025-01-03,1915538693250.0
2025-01-04,1939545050625.0
2025-01-05,1952758530559.375
2025-01-07,2018916679937.5
2025-01-09,1884013142375.0
2025-01-10,1880567139587.5
2025-01-11,1866503694343.75
2025-01-13,1885500987793.75
2025-01-14,1907332326684.375
2025-01-15,1974750075196.875
2025-01-17,2024717734375.0
2025-01-18,2060641894593.75
2025-01-20,2026035517312.5
2025-01-21,2082964672781.25
2025-01-23,2043403317343.75
2025-01-24,2082503293125.0
2025-01-26,2073653158281.25
2025-01-27,1955241101637.5
2025-01-28,2008789418343.75
2025-01-30,2082374957250.0
2025-01-31,2069559800250.0
2025-02-01,2008981704562.5
2025-02-03,1911576461162.5
2025-02-04,1960750245593.75
2025-02-05,1921251569718.75
2025-02-07,1922859087550.0
2025-02-08,1902465470437.5
2025-02-09,1904746134062.5
2025-02-11,1948200921262.5
2025-02-12,1942336072606.25
2025-02-14,1922851735125.0
2025-02-15,1939030720115.625
2025-02-16,1921587027800.0
2025-02-18,1894268601281.25
2025-02-19,1912331432812.5
2025-02-21,1953791499318.75
2025-02-22,1917410160975.0
2025-02-24,1902282607256.25
2025-02-25,1764432141993.75
2025-02-27,1686577334634.375
2025-02-28,1602550327090.625
2025-03-01,1709252374265.625
2025-03-03,1818539321196.875
2025-03-04,1726119439012.5
2025-03-06,1843823885100.0
2025-03-07,1777936121306.25
2025-03-08,1713987906400.0
2025-03-10,1634524818468.75
2025-03-11,1613630642287.5
2025-03-12,1661249089734.375
2025-03-14,1631388759684.375
2025-03-15,1678455112346.875
2025-03-17,1655318745412.5
2025-03-18,1627597395675.0
2025-03-20,1735693570000.0
2025-03-21,1670197932400.0
2025-03-22,1673584274400.0
2025-03-24,1702367452500.0
2025-03-25,1735002030243.75
2025-03-26,1708567653209.375
2025-03-28,1733168083800.0
2025-03-29,1631585104187.5
2025-03-30,1642154479200.0
2025-04-01,1674395701950.0
2025-04-02,1720074438562.5
2025-04-03,1645805673600.0
2025-04-05,1661060694637.5
2025-04-06,1644501459290.625
2025-04-07,1561033216900.0
2025-04-09,1540263970000.0
2025-04-10,1564747558706.25
2025-04-12,1651026349218.75
2025-04-13,1680080935837.5
2025-04-14,1683648571940.625
2025-04-16,1665259925250.0
2025-04-17,1671943634987.5
2025-04-18,1675927731200.0
2025-04-20,1680547399987.5
2025-04-21,1732063599575.0
2025-04-23,1855458510937.5
2025-04-24,1855318944000.0
2025-04-26,1881012779953.125
2025-04-27,1865127415425.0
2025-04-29,1887447101596.875
2025-04-30,1871739648296.875
2025-05-02,1925239404618.75
2025-05-03,1910108372893.75
2025-05-04,1903933898803.125
2025-05-06,1877857614384.375
2025-05-07,1926855843203.125
2025-05-08,2008848053062.5
2025-05-10,2048042030343.75
2025-05-11,2063997776031.25
2025-05-12,2043802458562.5
2025-05-14,2068897439062.5
2025-05-15,2053270302000.0
2025-05-17,2057110385468.75
2025-05-18,2094127435593.75
2025-05-20,2100750127937.5
2025-05-21,2114923318125.0
2025-05-22,2218306511093.75
2025-05-24,2146252755625.0
2025-05-25,2122080288750.0
2025-05-26,2176792049687.5
2025-05-28,2159971245937.5
2025-05-29,2158847568500.0
2025-05-30,2077241392656.25
2025-06-01,2066377318312.5
2025-06-02,2074393972875.0
2025-06-04,2099501244500.0
2025-06-05,2082277884906.25
2025-06-07,2085921590156.25
2025-06-08,2095925847656.25
2025-06-09,2162579180000.0
2025-06-11,2179742319187.5
2025-06-12,2125147291281.25
2025-06-13,2105138775937.5
2025-06-15,2096459113750.0
2025-06-16,2142845999906.25
2025-06-18,2091821277812.5
2025-06-19,2080158185125.0
2025-06-21,2060939289562.5
2025-06-22,2011895312718.75
2025-06-24,2104613896093.75
2025-06-26,2142459583593.75
2025-06-27,2132386634875.0
2025-06-29,2132852362875.0
2025-06-30,2139681481250.0
2025-07-01,2107335315500.0
2025-07-03,2164079875687.5
2025-07-04,2166137309875.0
2025-07-05,2151488910937.5
2025-07-07,2167667028843.75
2025-07-08,2158189299375.0
2025-07-09,2178346981750.0
2025-07-10,2308102685625.0
2025-07-12,2339007310406.25
2025-07-13,2359770536218.75
2025-07-15,2357261250000.0
2025-07-16,2363900786437.5
2025-07-17,2393220004687.5
2025-07-19,2351519188125.0
2025-07-20,2354975958781.25
2025-07-22,2329186306406.25
2025-07-23,2357513327562.5
2025-07-24,2361567511875.0
2025-07-26,2340751090625.0
2025-07-27,2356545676468.75
2025-07-29,2355826331375.0
2025-07-30,2346549408500.0
2025-08-01,2295480860625.0
2025-08-02,2260330379437.5
2025-08-03,2283289773187.5
2025-08-05,2289930592125.0
2025-08-06,2274877181250.0
2025-08-08,2325725070468.75
2025-08-10,2352097408781.25
2025-08-12,2371099606750.0
2025-08-14,2455811701687.5
2025-08-15,2331094696562.5
2025-08-17,2350122799218.75
2025-08-19,2261037092406.25
2025-08-21,2241034425000.0
2025-08-23,2296478511750.0
2025-08-25,2238042413750.0
2025-08-27,2206473305968.75
2025-08-29,2226481963968.75
2025-08-30,2165844940625.0
2025-09-02,2178896389031.25
2025-09-04,2234960895250.0
2025-09-05,2225290796062.5
2025-09-07,2216235872343.75
2025-09-09,2216540417000.0
2025-09-11,2276795992500.0
2025-09-13,2306974285875.0
2025-09-15,2301696531187.5
2025-09-17,2325499072593.75
2025-09-19,2337755286125.0
2025-09-20,2310767760562.5
2025-09-22,2248299974375.0
2025-09-24,2248194870187.5
2025-09-26,2182733405937.5
2025-09-28,2186217568968.75
2025-09-30,2290935813000.0
2025-10-02,2364185055093.75
2025-10-04,2426067107406.25
2025-10-06,2469029439625.0
2025-10-08,2427083109000.0
2025-10-10,2430380393875.0
2025-10-12,2228750658750.0
2025-10-14,2300806085375.0
2025-10-16,2207422619812.5
2025-10-17,2130376321125.0
2025-10-19,2169341909718.75
2025-10-21,2154471914250.0
2025-10-23,2181691528187.5
2025-10-25,2215886011593.75
2025-10-27,2283184387500.0
2025-10-28,2244797769500.0
2025-10-30,2149579169625.0
2025-11-02,2197945926906.25
2025-11-04,2086164954375.0
2025-11-06,2066715147750.0
2025-11-08,2042265500531.25
2025-11-10,2113370412968.75
2025-11-12,2087529748281.25
2025-11-14,1903267060350.0
2025-11-16,1918947815687.5
2025-11-18,1824712345181.25
2025-11-20,1750896606662.5
2025-11-22,1689923875618.75
2025-11-24,1765639544384.375
2025-11-26,1755917041887.5
2025-11-28,1820756341475.0
2025-11-30,1815884043037.5
2025-12-01,1731841229831.25
2025-12-03,1871433884337.5
2025-12-05,1785644496750.0
2025-12-07,1824053295593.75
2025-12-09,1856689857900.0
2025-12-11,1796271267125.0
2025-12-13,1799805348303.125
2025-12-15,1714302870350.0
2025-12-17,1746793945312.5
2025-12-19,1768696953046.875
2025-12-21,1758290004562.5
2025-12-23,1746550463162.5
2025-12-25,1745747366925.0
2025-12-27,1747783995781.25
2025-12-29,1790273269462.5
2025-12-31,1774855609106.25
2026-01-02,1779469731781.25
2026-01-04,1827243300200.0
2026-01-06,1864230954012.5
2026-01-08,1817147520375.0
2026-01-10,1809789185050.0
2026-01-11,1815380066775.0
2026-01-14,1902853298925.0
2026-01-16,1907924793737.5
2026-01-18,1897822632084.375
2026-01-20,1851917757009.375
2026-01-22,1788041702700.0
2026-01-23,1791419495043.75
2026-01-26,1754192160350.0
2026-01-28,1790868640950.0
2026-01-30,1682863570718.75
2026-02-02,1555464240543.75
2026-02-03,1517491209718.75
2026-02-06,1297685396253.125
2026-02-07,1385443223784.375
2026-02-09,1398575236640.625
2026-02-11,1337351582943.75
2026-02-13,1327538718062.5
2026-02-14,1392495269681.25
2026-02-16,1369428008765.625
2026-02-17,1354915311000.0
2026-02-19,1341263280000.0
2026-02-21,1371568845396.875
2026-02-23,1308750273831.25
2026-02-25,1300064822787.5
2026-02-27,1353152510806.25
2026-03-01,1351289331565.625
2026-03-03,1364725285631.25
2026-03-05,1446912128556.25
2026-03-06,1366923533437.5
2026-03-09,1327362992943.75
2026-03-11,1401462042600.0
2026-03-13,1430908427812.5
2026-03-15,1431366600625.0
2026-03-17,1487296767834.375
2026-03-19,1408300943990.625
2026-03-21,1414198884568.75
2026-03-23,1354459777125.0
2026-03-24,1393203724631.25
2026-03-26,1389803838328.125
2026-03-28,1327441955718.75
2026-03-30,1353831274846.875
2026-04-01,1366094816165.625
2026-04-03,1337200237425.0
2026-04-05,1343580082875.0
2026-04-07,1373616473543.75
2026-04-09,1419796608531.25
2026-04-11,1454320003500.0
2026-04-13,1416138098837.5
2026-04-15,1472928430050.0
2026-04-17,1500897957418.75
2026-04-19,1514974216893.75
2026-04-21,1512716607609.375
2026-04-23,1553959935787.5
2026-04-25,1551184950250.0
2026-04-27,1572290501615.625
2026-04-29,1532818107775.0
2026-05-01,1533222854034.375
2026-05-02,1576178828656.25
2026-05-04,1605185212500.0
2026-05-06,1633228114065.625
2026-05-08,1607641042437.5
2026-05-10,1615864662975.0
2026-05-12,1626994634890.625
2026-05-14,1586826962087.5
2026-05-16,1584311921287.5
2026-05-18,1538237223306.25
2026-05-20,1539186297987.5
2026-05-22,1558182256056.25
2026-05-24,1538520379200.0
2026-05-25,1549406193075.0
2026-05-27,1504994681728.125
2026-05-29,1482281543812.5
2026-05-31,1477738429687.5
2026-06-02,1355344574959.375
2026-06-04,1273497675000.0
2026-06-06,1219821360950.0
2026-06-08,1270316517275.0
2026-06-11,1237119569640.625
2026-06-13,1276203346437.5
2026-06-15,1309201615625.0
2026-06-17,1319690170250.0
2026-06-18,1260913622703.125
2026-06-20,1281396932025.0
2026-06-22,1291516010331.25
2026-06-24,1259093079025.0
2026-06-26,1176729282421.875
2026-06-27,1214493145800.0
2026-06-30,1201515550925.0
2026-07-01,1218950944093.75
2026-07-04,1254159296431.25
2026-07-06,1278319121175.0
2026-07-08,1245671218240.625
2026-07-10,1279481087500.0
2026-07-12,1287095806906.25
2026-07-14,1284968630100.0
2026-07-16,1287753471987.5
2026-07-18,1285296381753.125
2026-07-20,1290493352437.5
2026-07-22,1325208090037.5
2026-07-24,1305686712962.5
2026-07-26,1296065737546.875
2026-07-28,1270123161496.875
2026-07-30,1285382627700.0
2026-07-31,1265750603968.75
2026-08-02,1269996373281.25
2026-08-04,1286192906775.0
2026-08-06,1295676461615.625
2026-08-08,1304202627465.625
2026-08-10,1295837059968.75
