date,open,high,low,close,vol
2020-01-01,0.2,0.2,0.2,0.2,29773022.6
2020-01-02,0.2,0.2,0.2,0.2,47912105.6
2020-01-03,0.2,0.2,0.2,0.2,70390779.3
2020-01-04,0.2,0.2,0.2,0.2,34239655.4
2020-01-05,0.2,0.2,0.2,0.2,54356477.7
2020-01-06,0.2,0.2,0.2,0.2,234157239.2
2020-01-07,0.2,0.2,0.2,0.2,206449580.6
2020-01-08,0.2,0.2,0.2,0.2,148861801.3
2020-01-09,0.2,0.2,0.2,0.2,75492140.5
2020-01-10,0.2,0.2,0.2,0.2,145223181.5
2020-01-11,0.2,0.2,0.2,0.2,119237732.2
2020-01-12,0.2,0.2,0.2,0.2,70711714.4
2020-01-13,0.2,0.2,0.2,0.2,50959156.8
2020-01-14,0.2,0.2,0.2,0.2,301142541.5
2020-01-15,0.2,0.2,0.2,0.2,237606461.8
2020-01-16,0.2,0.2,0.2,0.2,140095581.9
2020-01-17,0.2,0.2,0.2,0.2,214368960.7
2020-01-18,0.2,0.3,0.2,0.2,206939203.8
2020-01-19,0.2,0.3,0.2,0.2,180887717.9
2020-01-20,0.2,0.2,0.2,0.2,115112776.4
2020-01-21,0.2,0.2,0.2,0.2,111913129.9
2020-01-22,0.2,0.2,0.2,0.2,84725853.4
2020-01-23,0.2,0.2,0.2,0.2,105762250.0
2020-01-24,0.2,0.2,0.2,0.2,121855078.5
2020-01-25,0.2,0.2,0.2,0.2,56806347.0
2020-01-26,0.2,0.2,0.2,0.2,79796120.0
2020-01-27,0.2,0.2,0.2,0.2,102966534.5
2020-01-28,0.2,0.2,0.2,0.2,157599522.5
2020-01-29,0.2,0.2,0.2,0.2,114643264.7
2020-01-30,0.2,0.2,0.2,0.2,162144624.0
2020-01-31,0.2,0.2,0.2,0.2,122494224.8
2020-02-01,0.2,0.2,0.2,0.2,78963550.6
2020-02-02,0.2,0.3,0.2,0.3,220101966.8
2020-02-03,0.3,0.3,0.2,0.3,168166882.1
2020-02-04,0.3,0.3,0.2,0.3,273001224.9
2020-02-05,0.3,0.3,0.3,0.3,309852829.8
2020-02-06,0.3,0.3,0.3,0.3,274932947.3
2020-02-07,0.3,0.3,0.3,0.3,158743853.5
2020-02-08,0.3,0.3,0.3,0.3,164832911.1
2020-02-09,0.3,0.3,0.3,0.3,151863434.1
2020-02-10,0.3,0.3,0.3,0.3,142780388.9
2020-02-11,0.3,0.3,0.3,0.3,150202084.8
2020-02-12,0.3,0.3,0.3,0.3,358543825.1
2020-02-13,0.3,0.3,0.3,0.3,684720941.9
2020-02-14,0.3,0.3,0.3,0.3,348251076.6
2020-02-15,0.3,0.3,0.3,0.3,397053085.5
2020-02-16,0.3,0.3,0.3,0.3,381819181.7
2020-02-17,0.3,0.3,0.3,0.3,354803561.0
2020-02-18,0.3,0.3,0.3,0.3,296854594.3
2020-02-19,0.3,0.3,0.3,0.3,219950638.9
2020-02-20,0.3,0.3,0.3,0.3,270623144.6
2020-02-21,0.3,0.3,0.3,0.3,175945123.9
2020-02-22,0.3,0.3,0.3,0.3,107040364.2
2020-02-23,0.3,0.3,0.3,0.3,134020545.9
2020-02-24,0.3,0.3,0.3,0.3,184354129.7
2020-02-25,0.3,0.3,0.3,0.3,209531989.3
2020-02-26,0.3,0.3,0.2,0.2,366105232.9
2020-02-27,0.2,0.2,0.2,0.2,250168249.9
2020-02-28,0.2,0.2,0.2,0.2,190843431.7
2020-02-29,0.2,0.2,0.2,0.2,104602134.2
2020-03-01,0.2,0.2,0.2,0.2,125219316.2
2020-03-02,0.2,0.2,0.2,0.2,138299654.6
2020-03-03,0.2,0.2,0.2,0.2,130633902.5
2020-03-04,0.2,0.2,0.2,0.2,92570643.5
2020-03-05,0.2,0.2,0.2,0.2,130944711.9
2020-03-06,0.2,0.2,0.2,0.2,116563269.6
2020-03-07,0.2,0.2,0.2,0.2,95845464.2
2020-03-08,0.2,0.2,0.2,0.2,271417418.6
2020-03-09,0.2,0.2,0.2,0.2,288610509.4
2020-03-10,0.2,0.2,0.2,0.2,182259714.8
2020-03-11,0.2,0.2,0.2,0.2,178652631.5
2020-03-12,0.2,0.2,0.1,0.1,771225355.4
2020-03-13,0.1,0.2,0.1,0.2,1234550066.8
2020-03-14,0.2,0.2,0.1,0.1,317354167.4
2020-03-15,0.1,0.2,0.1,0.2,292888161.2
2020-03-16,0.2,0.2,0.1,0.1,534401535.9
2020-03-17,0.1,0.2,0.1,0.1,317550005.4
2020-03-18,0.1,0.1,0.1,0.1,233087384.9
2020-03-19,0.1,0.2,0.1,0.2,357277613.5
2020-03-20,0.2,0.2,0.1,0.2,511513197.8
2020-03-21,0.2,0.2,0.2,0.2,270014080.0
2020-03-22,0.2,0.2,0.1,0.1,221088260.9
2020-03-23,0.1,0.2,0.1,0.2,282036084.3
2020-03-24,0.2,0.2,0.2,0.2,250519379.8
2020-03-25,0.2,0.2,0.2,0.2,200584719.2
2020-03-26,0.2,0.2,0.2,0.2,206023274.9
2020-03-27,0.2,0.2,0.2,0.2,316147728.4
2020-03-28,0.2,0.2,0.2,0.2,308477933.9
2020-03-29,0.2,0.2,0.2,0.2,187119450.1
2020-03-30,0.2,0.2,0.2,0.2,181804091.3
2020-03-31,0.2,0.2,0.2,0.2,158613778.6
2020-04-01,0.2,0.2,0.2,0.2,184017110.9
2020-04-02,0.2,0.2,0.2,0.2,223398206.0
2020-04-03,0.2,0.2,0.2,0.2,170663444.5
2020-04-04,0.2,0.2,0.2,0.2,117148787.3
2020-04-05,0.2,0.2,0.2,0.2,83641306.3
2020-04-06,0.2,0.2,0.2,0.2,225433233.4
2020-04-07,0.2,0.2,0.2,0.2,271460619.0
2020-04-08,0.2,0.2,0.2,0.2,154841655.0
2020-04-09,0.2,0.2,0.2,0.2,104421253.8
2020-04-10,0.2,0.2,0.2,0.2,160752187.0
2020-04-11,0.2,0.2,0.2,0.2,100598265.9
2020-04-12,0.2,0.2,0.2,0.2,129786730.4
2020-04-13,0.2,0.2,0.2,0.2,158956441.4
2020-04-14,0.2,0.2,0.2,0.2,93684121.1
2020-04-15,0.2,0.2,0.2,0.2,121466630.1
2020-04-16,0.2,0.2,0.2,0.2,220290862.9
2020-04-17,0.2,0.2,0.2,0.2,91976842.0
2020-04-18,0.2,0.2,0.2,0.2,113765553.3
2020-04-19,0.2,0.2,0.2,0.2,89989794.3
2020-04-20,0.2,0.2,0.2,0.2,174028243.0
2020-04-21,0.2,0.2,0.2,0.2,111773322.9
2020-04-22,0.2,0.2,0.2,0.2,93916879.3
2020-04-23,0.2,0.2,0.2,0.2,179113808.3
2020-04-24,0.2,0.2,0.2,0.2,113830925.1
2020-04-25,0.2,0.2,0.2,0.2,78779257.1
2020-04-26,0.2,0.2,0.2,0.2,93225699.4
2020-04-27,0.2,0.2,0.2,0.2,104536714.3
2020-04-28,0.2,0.2,0.2,0.2,244843302.1
2020-04-29,0.2,0.2,0.2,0.2,292096742.3
2020-04-30,0.2,0.2,0.2,0.2,314088335.1
2020-05-01,0.2,0.2,0.2,0.2,160339801.0
2020-05-02,0.2,0.2,0.2,0.2,119932182.7
2020-05-03,0.2,0.2,0.2,0.2,111226961.6
2020-05-04,0.2,0.2,0.2,0.2,166756745.3
2020-05-05,0.2,0.2,0.2,0.2,106925948.7
2020-05-06,0.2,0.2,0.2,0.2,131362572.4
2020-05-07,0.2,0.2,0.2,0.2,175859218.0
2020-05-08,0.2,0.2,0.2,0.2,133922204.4
2020-05-09,0.2,0.2,0.2,0.2,159019230.1
2020-05-10,0.2,0.2,0.2,0.2,310627388.1
2020-05-11,0.2,0.2,0.2,0.2,188926069.2
2020-05-12,0.2,0.2,0.2,0.2,120759033.7
2020-05-13,0.2,0.2,0.2,0.2,95212470.1
2020-05-14,0.2,0.2,0.2,0.2,123608208.0
2020-05-15,0.2,0.2,0.2,0.2,142260472.9
2020-05-16,0.2,0.2,0.2,0.2,94327453.0
2020-05-17,0.2,0.2,0.2,0.2,85924995.0
2020-05-18,0.2,0.2,0.2,0.2,129797461.7
2020-05-19,0.2,0.2,0.2,0.2,99600289.0
2020-05-20,0.2,0.2,0.2,0.2,106603358.1
2020-05-21,0.2,0.2,0.2,0.2,119870681.6
2020-05-22,0.2,0.2,0.2,0.2,134747810.6
2020-05-23,0.2,0.2,0.2,0.2,88342183.6
2020-05-24,0.2,0.2,0.2,0.2,88708243.7
2020-05-25,0.2,0.2,0.2,0.2,96947010.8
2020-05-26,0.2,0.2,0.2,0.2,91454592.2
2020-05-27,0.2,0.2,0.2,0.2,99410860.4
2020-05-28,0.2,0.2,0.2,0.2,110627844.2
2020-05-29,0.2,0.2,0.2,0.2,98632638.4
2020-05-30,0.2,0.2,0.2,0.2,155426836.0
2020-05-31,0.2,0.2,0.2,0.2,180118253.6
2020-06-01,0.2,0.2,0.2,0.2,157851522.0
2020-06-02,0.2,0.2,0.2,0.2,203819088.3
2020-06-03,0.2,0.2,0.2,0.2,102410983.8
2020-06-04,0.2,0.2,0.2,0.2,126378226.8
2020-06-05,0.2,0.2,0.2,0.2,98700901.5
2020-06-06,0.2,0.2,0.2,0.2,79279154.8
2020-06-07,0.2,0.2,0.2,0.2,93329744.2
2020-06-08,0.2,0.2,0.2,0.2,63036054.2
2020-06-09,0.2,0.2,0.2,0.2,81665800.9
2020-06-10,0.2,0.2,0.2,0.2,75706855.2
2020-06-11,0.2,0.2,0.2,0.2,132263967.7
2020-06-12,0.2,0.2,0.2,0.2,75546910.5
2020-06-13,0.2,0.2,0.2,0.2,63292600.9
2020-06-14,0.2,0.2,0.2,0.2,58429094.7
2020-06-15,0.2,0.2,0.2,0.2,130419971.5
2020-06-16,0.2,0.2,0.2,0.2,76442039.8
2020-06-17,0.2,0.2,0.2,0.2,143789678.4
2020-06-18,0.2,0.2,0.2,0.2,83020048.8
2020-06-19,0.2,0.2,0.2,0.2,101395871.0
2020-06-20,0.2,0.2,0.2,0.2,65244804.2
2020-06-21,0.2,0.2,0.2,0.2,66591992.6
2020-06-22,0.2,0.2,0.2,0.2,121678902.8
2020-06-23,0.2,0.2,0.2,0.2,80442337.3
2020-06-24,0.2,0.2,0.2,0.2,99814387.3
2020-06-25,0.2,0.2,0.2,0.2,83471401.8
2020-06-26,0.2,0.2,0.2,0.2,134171894.1
2020-06-27,0.2,0.2,0.2,0.2,100119859.4
2020-06-28,0.2,0.2,0.2,0.2,79916984.6
2020-06-29,0.2,0.2,0.2,0.2,108091794.8
2020-06-30,0.2,0.2,0.2,0.2,63769127.0
2020-07-01,0.2,0.2,0.2,0.2,96697381.8
2020-07-02,0.2,0.2,0.2,0.2,109348977.7
2020-07-03,0.2,0.2,0.2,0.2,93559429.8
2020-07-04,0.2,0.2,0.2,0.2,101070772.2
2020-07-05,0.2,0.2,0.2,0.2,109028272.5
2020-07-06,0.2,0.2,0.2,0.2,180480180.6
2020-07-07,0.2,0.2,0.2,0.2,119136986.1
2020-07-08,0.2,0.2,0.2,0.2,340558574.1
2020-07-09,0.2,0.2,0.2,0.2,366287583.8
2020-07-10,0.2,0.2,0.2,0.2,212898090.1
2020-07-11,0.2,0.2,0.2,0.2,171252017.6
2020-07-12,0.2,0.2,0.2,0.2,123496702.1
2020-07-13,0.2,0.2,0.2,0.2,210692216.4
2020-07-14,0.2,0.2,0.2,0.2,126120726.2
2020-07-15,0.2,0.2,0.2,0.2,97567941.8
2020-07-16,0.2,0.2,0.2,0.2,154403446.1
2020-07-17,0.2,0.2,0.2,0.2,119390267.7
2020-07-18,0.2,0.2,0.2,0.2,125668578.9
2020-07-19,0.2,0.2,0.2,0.2,117946275.3
2020-07-20,0.2,0.2,0.2,0.2,114187102.0
2020-07-21,0.2,0.2,0.2,0.2,116436628.1
2020-07-22,0.2,0.2,0.2,0.2,127274412.3
2020-07-23,0.2,0.2,0.2,0.2,231892970.4
2020-07-24,0.2,0.2,0.2,0.2,162043579.9
2020-07-25,0.2,0.2,0.2,0.2,237958032.7
2020-07-26,0.2,0.2,0.2,0.2,277074358.0
2020-07-27,0.2,0.2,0.2,0.2,358365289.2
2020-07-28,0.2,0.2,0.2,0.2,348097855.6
2020-07-29,0.2,0.2,0.2,0.2,423604274.8
2020-07-30,0.2,0.2,0.2,0.2,339560922.2
2020-07-31,0.2,0.3,0.2,0.3,295712939.1
2020-08-01,0.3,0.3,0.3,0.3,698526256.7
2020-08-02,0.3,0.3,0.2,0.3,1089709098.7
2020-08-03,0.3,0.3,0.3,0.3,661998402.4
2020-08-04,0.3,0.3,0.3,0.3,523509311.0
2020-08-05,0.3,0.3,0.3,0.3,377922454.8
2020-08-06,0.3,0.3,0.3,0.3,315511639.9
2020-08-07,0.3,0.3,0.3,0.3,350058017.3
2020-08-08,0.3,0.3,0.3,0.3,180632239.2
2020-08-09,0.3,0.3,0.3,0.3,194741043.2
2020-08-10,0.3,0.3,0.3,0.3,357730182.0
2020-08-11,0.3,0.3,0.3,0.3,454328410.0
2020-08-12,0.3,0.3,0.3,0.3,301659248.8
2020-08-13,0.3,0.3,0.3,0.3,343559052.2
2020-08-14,0.3,0.3,0.3,0.3,419013955.8
2020-08-15,0.3,0.3,0.3,0.3,323612283.2
2020-08-16,0.3,0.3,0.3,0.3,272817352.5
2020-08-17,0.3,0.3,0.3,0.3,598471473.5
2020-08-18,0.3,0.3,0.3,0.3,406775389.7
2020-08-19,0.3,0.3,0.3,0.3,390658603.2
2020-08-20,0.3,0.3,0.3,0.3,217335773.0
2020-08-21,0.3,0.3,0.3,0.3,295142831.1
2020-08-22,0.3,0.3,0.3,0.3,200686126.8
2020-08-23,0.3,0.3,0.3,0.3,147758018.4
2020-08-24,0.3,0.3,0.3,0.3,163849857.2
2020-08-25,0.3,0.3,0.3,0.3,234190707.5
2020-08-26,0.3,0.3,0.3,0.3,153029000.5
2020-08-27,0.3,0.3,0.3,0.3,271350415.9
2020-08-28,0.3,0.3,0.3,0.3,161315866.7
2020-08-29,0.3,0.3,0.3,0.3,120917456.4
2020-08-30,0.3,0.3,0.3,0.3,157541548.0
2020-08-31,0.3,0.3,0.3,0.3,164541572.9
2020-09-01,0.3,0.3,0.3,0.3,292160051.6
2020-09-02,0.3,0.3,0.3,0.3,367857288.9
2020-09-03,0.3,0.3,0.2,0.2,375303316.2
2020-09-04,0.2,0.3,0.2,0.3,347276927.6
2020-09-05,0.3,0.3,0.2,0.2,343014820.3
2020-09-06,0.2,0.2,0.2,0.2,245971020.2
2020-09-07,0.2,0.2,0.2,0.2,217149074.3
2020-09-08,0.2,0.2,0.2,0.2,185386436.1
2020-09-09,0.2,0.2,0.2,0.2,120931648.7
2020-09-10,0.2,0.2,0.2,0.2,150794017.7
2020-09-11,0.2,0.2,0.2,0.2,102995486.8
2020-09-12,0.2,0.2,0.2,0.2,90026751.2
2020-09-13,0.2,0.3,0.2,0.2,134508183.7
2020-09-14,0.2,0.2,0.2,0.2,128679809.9
2020-09-15,0.2,0.2,0.2,0.2,123397806.3
2020-09-16,0.2,0.3,0.2,0.2,155437121.5
2020-09-17,0.2,0.3,0.2,0.3,195903905.1
2020-09-18,0.3,0.3,0.2,0.3,123918267.6
2020-09-19,0.3,0.3,0.2,0.3,94380999.1
2020-09-20,0.3,0.3,0.2,0.2,100830684.4
2020-09-21,0.2,0.2,0.2,0.2,232559544.3
2020-09-22,0.2,0.2,0.2,0.2,113084575.2
2020-09-23,0.2,0.2,0.2,0.2,148246113.4
2020-09-24,0.2,0.2,0.2,0.2,173682650.7
2020-09-25,0.2,0.2,0.2,0.2,146717481.1
2020-09-26,0.2,0.2,0.2,0.2,113365429.6
2020-09-27,0.2,0.2,0.2,0.2,91772023.9
2020-09-28,0.2,0.2,0.2,0.2,121590934.4
2020-09-29,0.2,0.2,0.2,0.2,109204653.3
2020-09-30,0.2,0.2,0.2,0.2,101266167.8
2020-10-01,0.2,0.2,0.2,0.2,127335773.7
2020-10-02,0.2,0.2,0.2,0.2,146884020.3
2020-10-03,0.2,0.2,0.2,0.2,59902666.5
2020-10-04,0.2,0.3,0.2,0.2,157014929.5
2020-10-05,0.2,0.3,0.2,0.3,228844024.4
2020-10-06,0.3,0.3,0.2,0.2,378003616.4
2020-10-07,0.2,0.3,0.2,0.2,177097434.2
2020-10-08,0.2,0.3,0.2,0.3,197900153.1
2020-10-09,0.3,0.3,0.2,0.3,192476557.6
2020-10-10,0.3,0.3,0.3,0.3,165954957.2
2020-10-11,0.3,0.3,0.3,0.3,129208149.4
2020-10-12,0.3,0.3,0.2,0.3,225658413.6
2020-10-13,0.3,0.3,0.3,0.3,232496747.4
2020-10-14,0.3,0.3,0.2,0.2,200090976.7
2020-10-15,0.2,0.3,0.2,0.2,157801611.0
2020-10-16,0.2,0.2,0.2,0.2,149640393.0
2020-10-17,0.2,0.2,0.2,0.2,76204228.7
2020-10-18,0.2,0.2,0.2,0.2,59622713.2
2020-10-19,0.2,0.2,0.2,0.2,144261234.7
2020-10-20,0.2,0.3,0.2,0.2,142586108.2
2020-10-21,0.2,0.3,0.2,0.3,213403919.3
2020-10-22,0.3,0.3,0.3,0.3,262479836.1
2020-10-23,0.3,0.3,0.3,0.3,145732428.5
2020-10-24,0.3,0.3,0.3,0.3,71861131.8
2020-10-25,0.3,0.3,0.3,0.3,70096933.8
2020-10-26,0.3,0.3,0.2,0.2,153008505.9
2020-10-27,0.2,0.3,0.2,0.3,125197583.4
2020-10-28,0.3,0.3,0.2,0.2,152758067.2
2020-10-29,0.2,0.2,0.2,0.2,127858202.6
2020-10-30,0.2,0.2,0.2,0.2,133423159.8
2020-10-31,0.2,0.2,0.2,0.2,84576060.9
2020-11-01,0.2,0.2,0.2,0.2,64775047.6
2020-11-02,0.2,0.2,0.2,0.2,130300920.1
2020-11-03,0.2,0.2,0.2,0.2,213624345.8
2020-11-04,0.2,0.2,0.2,0.2,175258053.1
2020-11-05,0.2,0.2,0.2,0.2,220616913.3
2020-11-06,0.2,0.3,0.2,0.3,289253502.7
2020-11-07,0.3,0.3,0.2,0.2,263707018.0
2020-11-08,0.2,0.3,0.2,0.3,119757768.6
2020-11-09,0.3,0.3,0.2,0.3,161129039.0
2020-11-10,0.3,0.3,0.2,0.3,250018160.4
2020-11-11,0.3,0.3,0.3,0.3,155421758.6
2020-11-12,0.3,0.3,0.3,0.3,139776053.7
2020-11-13,0.3,0.3,0.3,0.3,193021203.1
2020-11-14,0.3,0.3,0.3,0.3,319194414.6
2020-11-15,0.3,0.3,0.3,0.3,224828544.8
2020-11-16,0.3,0.3,0.3,0.3,321242912.3
2020-11-17,0.3,0.3,0.3,0.3,529073040.7
2020-11-18,0.3,0.3,0.3,0.3,488657752.7
2020-11-19,0.3,0.3,0.3,0.3,361076482.2
2020-11-20,0.3,0.3,0.3,0.3,484828433.3
2020-11-21,0.3,0.5,0.3,0.5,1667089858.1
2020-11-22,0.5,0.5,0.4,0.4,1873986909.8
2020-11-23,0.4,0.6,0.4,0.6,1851054399.6
2020-11-24,0.6,0.8,0.6,0.7,2884741162.1
2020-11-25,0.7,0.7,0.6,0.6,1690578550.2
2020-11-26,0.6,0.7,0.5,0.5,2334291327.2
2020-11-27,0.5,0.6,0.5,0.6,1241200699.6
2020-11-28,0.6,0.6,0.5,0.6,1276241318.5
2020-11-29,0.6,0.6,0.6,0.6,857628664.8
2020-11-30,0.6,0.7,0.6,0.7,1178919882.3
2020-12-01,0.7,0.7,0.6,0.6,1075049125.0
2020-12-02,0.6,0.6,0.6,0.6,593876086.8
2020-12-03,0.6,0.6,0.6,0.6,392655662.9
2020-12-04,0.6,0.6,0.5,0.6,662141348.0
2020-12-05,0.6,0.6,0.5,0.6,432888774.1
2020-12-06,0.6,0.6,0.6,0.6,639023167.7
2020-12-07,0.6,0.6,0.6,0.6,386644252.1
2020-12-08,0.6,0.6,0.6,0.6,500942717.0
2020-12-09,0.6,0.6,0.5,0.6,927273510.3
2020-12-10,0.6,0.6,0.6,0.6,558676539.1
2020-12-11,0.6,0.6,0.5,0.5,952325951.7
2020-12-12,0.5,0.6,0.5,0.5,997933196.6
2020-12-13,0.5,0.5,0.5,0.5,602985171.9
2020-12-14,0.5,0.5,0.5,0.5,375701995.0
2020-12-15,0.5,0.5,0.5,0.5,514053464.1
2020-12-16,0.5,0.6,0.4,0.6,1249912571.2
2020-12-17,0.6,0.7,0.5,0.6,1801379927.6
2020-12-18,0.6,0.6,0.6,0.6,970255895.5
2020-12-19,0.6,0.6,0.6,0.6,614731783.6
2020-12-20,0.6,0.6,0.5,0.6,544352722.1
2020-12-21,0.6,0.6,0.5,0.5,593235772.1
2020-12-22,0.5,0.5,0.4,0.4,1509931701.2
2020-12-23,0.4,0.4,0.2,0.3,4553848887.4
2020-12-24,0.3,0.4,0.2,0.3,3822010234.7
2020-12-25,0.3,0.4,0.3,0.3,3342216004.0
2020-12-26,0.3,0.3,0.3,0.3,1685723998.7
2020-12-27,0.3,0.3,0.3,0.3,1453625832.0
2020-12-28,0.3,0.3,0.2,0.2,1547274302.2
2020-12-29,0.2,0.3,0.2,0.2,4215576309.2
2020-12-30,0.2,0.2,0.2,0.2,2578637039.1
2020-12-31,0.2,0.2,0.2,0.2,1391876889.9
2021-01-01,0.2,0.2,0.2,0.2,1490489727.4
2021-01-02,0.2,0.2,0.2,0.2,1134029208.3
2021-01-03,0.2,0.2,0.2,0.2,1178158964.4
2021-01-04,0.2,0.3,0.2,0.2,1518296110.4
2021-01-05,0.2,0.2,0.2,0.2,1184439077.1
2021-01-06,0.2,0.3,0.2,0.2,1776262975.4
2021-01-07,0.2,0.4,0.2,0.3,3863585524.3
2021-01-08,0.3,0.3,0.3,0.3,2029015562.5
2021-01-09,0.3,0.3,0.3,0.3,1177910308.9
2021-01-10,0.3,0.4,0.3,0.3,1717325406.4
2021-01-11,0.3,0.3,0.3,0.3,1978427132.4
2021-01-12,0.3,0.3,0.3,0.3,1100343591.0
2021-01-13,0.3,0.3,0.3,0.3,764981853.9
2021-01-14,0.3,0.3,0.3,0.3,887903603.5
2021-01-15,0.3,0.3,0.3,0.3,844991903.5
2021-01-16,0.3,0.3,0.3,0.3,749907244.4
2021-01-17,0.3,0.3,0.3,0.3,543053977.8
2021-01-18,0.3,0.3,0.3,0.3,536544377.1
2021-01-19,0.3,0.3,0.3,0.3,1267033309.6
2021-01-20,0.3,0.3,0.3,0.3,850365454.5
2021-01-21,0.3,0.3,0.3,0.3,921433965.4
2021-01-22,0.3,0.3,0.2,0.3,799861140.3
2021-01-23,0.3,0.3,0.3,0.3,446546595.4
2021-01-24,0.3,0.3,0.3,0.3,353391385.9
2021-01-25,0.3,0.3,0.3,0.3,483145818.4
2021-01-26,0.3,0.3,0.3,0.3,383692292.1
2021-01-27,0.3,0.3,0.2,0.3,468085255.1
2021-01-28,0.3,0.3,0.2,0.3,496218434.0
2021-01-29,0.3,0.3,0.3,0.3,1695844598.8
2021-01-30,0.3,0.5,0.3,0.4,5872830448.0
2021-01-31,0.4,0.5,0.4,0.5,4524657686.8
2021-02-01,0.5,0.8,0.4,0.4,8608358082.6
2021-02-02,0.4,0.4,0.3,0.4,2091912007.8
2021-02-03,0.4,0.4,0.4,0.4,1388316884.0
2021-02-04,0.4,0.5,0.4,0.4,2283530912.6
2021-02-05,0.4,0.5,0.4,0.5,1545115910.3
2021-02-06,0.5,0.5,0.4,0.4,875771045.9
2021-02-07,0.4,0.5,0.4,0.4,1141620049.1
2021-02-08,0.4,0.5,0.4,0.5,1149266957.3
2021-02-09,0.5,0.5,0.4,0.5,1273716203.3
2021-02-10,0.5,0.5,0.4,0.5,2024774430.6
2021-02-11,0.5,0.5,0.5,0.5,961402272.2
2021-02-12,0.5,0.6,0.5,0.6,1672053608.3
2021-02-13,0.6,0.6,0.5,0.6,1595483419.3
2021-02-14,0.6,0.6,0.6,0.6,1010016902.3
2021-02-15,0.6,0.6,0.5,0.5,1222510382.9
2021-02-16,0.5,0.6,0.5,0.5,1153641290.1
2021-02-17,0.5,0.6,0.5,0.5,908599648.5
2021-02-18,0.5,0.6,0.5,0.5,761631484.1
2021-02-19,0.5,0.6,0.5,0.6,1130348604.3
2021-02-20,0.6,0.6,0.5,0.5,1247480282.2
2021-02-21,0.5,0.6,0.5,0.5,1017475385.1
2021-02-22,0.5,0.7,0.5,0.6,3572076523.4
2021-02-23,0.6,0.6,0.4,0.5,2563543339.6
2021-02-24,0.5,0.5,0.5,0.5,984714285.4
2021-02-25,0.5,0.5,0.4,0.4,709823716.2
2021-02-26,0.4,0.5,0.4,0.4,908467259.5
2021-02-27,0.4,0.5,0.4,0.4,612147484.8
2021-02-28,0.4,0.4,0.4,0.4,674797992.8
2021-03-01,0.4,0.5,0.4,0.4,600649056.6
2021-03-02,0.4,0.5,0.4,0.4,645438020.0
2021-03-03,0.4,0.5,0.4,0.4,642007609.0
2021-03-04,0.4,0.5,0.4,0.5,1244989352.0
2021-03-05,0.5,0.5,0.4,0.5,751282004.7
2021-03-06,0.5,0.5,0.4,0.5,365972027.5
2021-03-07,0.5,0.5,0.5,0.5,325973214.9
2021-03-08,0.5,0.5,0.5,0.5,680852595.9
2021-03-09,0.5,0.5,0.5,0.5,495494329.0
2021-03-10,0.5,0.5,0.5,0.5,597205849.7
2021-03-11,0.5,0.5,0.4,0.5,535040848.2
2021-03-12,0.5,0.5,0.4,0.4,665250842.7
2021-03-13,0.4,0.5,0.4,0.5,547809975.2
2021-03-14,0.5,0.5,0.4,0.4,415693265.6
2021-03-15,0.4,0.4,0.4,0.4,531041051.9
2021-03-16,0.4,0.5,0.4,0.5,1446818353.8
2021-03-17,0.5,0.5,0.5,0.5,564997453.7
2021-03-18,0.5,0.5,0.5,0.5,555296456.6
2021-03-19,0.5,0.5,0.5,0.5,336947303.5
2021-03-20,0.5,0.5,0.5,0.5,1164006494.7
2021-03-21,0.5,0.5,0.5,0.5,879573341.3
2021-03-22,0.5,0.6,0.5,0.5,1648699048.0
2021-03-23,0.5,0.6,0.5,0.5,1094151403.3
2021-03-24,0.5,0.6,0.5,0.5,894167588.1
2021-03-25,0.5,0.5,0.5,0.5,914285330.6
2021-03-26,0.5,0.6,0.5,0.6,737749968.5
2021-03-27,0.6,0.6,0.5,0.5,455498717.7
2021-03-28,0.5,0.6,0.5,0.5,341522011.5
2021-03-29,0.5,0.6,0.5,0.6,534252547.3
2021-03-30,0.6,0.6,0.6,0.6,574769642.5
2021-03-31,0.6,0.6,0.5,0.6,666984204.3
2021-04-01,0.6,0.6,0.5,0.6,710919375.0
2021-04-02,0.6,0.6,0.6,0.6,800475396.4
2021-04-03,0.6,0.6,0.6,0.6,991064844.8
2021-04-04,0.6,0.6,0.6,0.6,664457346.2
2021-04-05,0.6,0.9,0.6,0.9,3325470561.47
2021-04-06,0.9,1.1,0.8,1.1,4053245753.09
2021-04-07,1.1,1.1,0.9,0.9,2128341583.9
2021-04-08,0.9,1.1,0.9,1.1,1232242484.4
2021-04-09,1.1,1.1,1.0,1.0,964539570.1
2021-04-10,1.0,1.4,1.0,1.4,2713439019.68
2021-04-11,1.4,1.5,1.3,1.4,1972667902.4
2021-04-12,1.4,1.5,1.3,1.5,1129501823.8
2021-04-13,1.5,1.9,1.4,1.8,2515240116.42
2021-04-14,1.8,2.0,1.6,1.8,2119704174.5
2021-04-15,1.8,1.9,1.7,1.8,1124377879.6
2021-04-16,1.8,1.8,1.4,1.5,1805450664.8
2021-04-17,1.5,1.7,1.5,1.5,1108826379.5
2021-04-18,1.5,1.6,1.2,1.4,2048345301.6
2021-04-19,1.4,1.5,1.3,1.3,1608073829.4
2021-04-20,1.3,1.4,1.2,1.4,1522196293.5
2021-04-21,1.4,1.5,1.3,1.3,1301403506.4
2021-04-22,1.3,1.4,1.1,1.2,1771540957.6
2021-04-23,1.2,1.2,0.9,1.2,2651341963.5
2021-04-24,1.2,1.2,1.0,1.0,1120813592.2
2021-04-25,1.0,1.2,0.9,1.0,1026066203.52
2021-04-26,1.0,1.4,1.0,1.4,1871916062.93
2021-04-27,1.4,1.5,1.3,1.4,1510880106.82
2021-04-28,1.4,1.4,1.3,1.4,1092879174.17
2021-04-29,1.4,1.4,1.3,1.4,824625421.08
2021-04-30,1.4,1.6,1.4,1.6,1429394131.02
2021-05-01,1.6,1.7,1.5,1.7,701328204.71
2021-05-02,1.7,1.7,1.5,1.6,602425194.39
2021-05-03,1.6,1.6,1.5,1.6,670988111.68
2021-05-04,1.6,1.6,1.3,1.4,1375223308.72
2021-05-05,1.4,1.6,1.4,1.6,1261641294.96
2021-05-06,1.6,1.8,1.5,1.6,1507415092.61
2021-05-07,1.6,1.7,1.5,1.6,894697893.67
2021-05-08,1.6,1.6,1.5,1.6,514586255.38
2021-05-09,1.6,1.6,1.4,1.5,726954201.32
2021-05-10,1.5,1.6,1.2,1.4,1154086820.05
2021-05-11,1.4,1.5,1.4,1.5,724101053.89
2021-05-12,1.5,1.5,1.2,1.3,1028881609.0
2021-05-13,1.3,1.4,1.2,1.4,1308704814.37
2021-05-14,1.4,1.4,1.3,1.4,772801586.76
2021-05-15,1.4,1.6,1.3,1.5,1495464769.52
2021-05-16,1.5,1.6,1.3,1.4,1498147985.65
2021-05-17,1.4,1.6,1.3,1.5,1560737399.7
2021-05-18,1.5,1.7,1.5,1.6,1813933407.63
2021-05-19,1.6,1.6,0.8,1.1,3180237280.29
2021-05-20,1.1,1.3,0.9,1.2,1974341688.46
2021-05-21,1.2,1.2,0.9,1.0,1813489499.17
2021-05-22,1.0,1.0,0.8,0.9,1478148766.91
2021-05-23,0.9,1.0,0.6,0.8,1976494217.2
2021-05-24,0.8,1.0,0.8,1.0,1613054853.94
2021-05-25,1.0,1.1,0.9,1.0,1654728049.91
2021-05-26,1.0,1.1,0.9,1.0,1160288119.63
2021-05-27,1.0,1.0,0.9,1.0,997129594.42
2021-05-28,1.0,1.0,0.8,0.9,1220369622.06
2021-05-29,0.9,0.9,0.8,0.8,980984330.42
2021-05-30,0.8,0.9,0.8,0.9,837581783.3
2021-05-31,0.9,1.0,0.9,1.0,1221688769.45
2021-06-01,1.0,1.1,1.0,1.0,1130390772.85
2021-06-02,1.0,1.0,1.0,1.0,673790276.52
2021-06-03,1.0,1.1,1.0,1.0,701176435.11
2021-06-04,1.0,1.0,0.9,1.0,814525376.26
2021-06-05,1.0,1.0,0.9,0.9,621966894.8
2021-06-06,0.9,0.9,0.9,0.9,395443235.74
2021-06-07,0.9,1.0,0.8,0.9,673906993.46
2021-06-08,0.9,0.9,0.8,0.9,989287175.65
2021-06-09,0.9,0.9,0.8,0.9,798994471.7
2021-06-10,0.9,0.9,0.9,0.9,592646634.43
2021-06-11,0.9,0.9,0.8,0.8,384826199.07
2021-06-12,0.8,0.8,0.8,0.8,375425465.13
2021-06-13,0.8,0.9,0.8,0.9,344882480.06
2021-06-14,0.9,0.9,0.9,0.9,441724628.58
2021-06-15,0.9,0.9,0.9,0.9,367733719.97
2021-06-16,0.9,0.9,0.8,0.8,380134518.73
2021-06-17,0.8,0.9,0.8,0.8,315642616.21
2021-06-18,0.8,0.8,0.8,0.8,389494745.89
2021-06-19,0.8,0.8,0.8,0.8,317290687.13
2021-06-20,0.8,0.8,0.7,0.8,589364804.52
2021-06-21,0.8,0.8,0.6,0.6,1073284195.87
2021-06-22,0.6,0.6,0.5,0.5,1611548012.73
2021-06-23,0.5,0.7,0.5,0.6,1167774271.66
2021-06-24,0.6,0.7,0.6,0.7,633338243.16
2021-06-25,0.7,0.7,0.6,0.6,795450033.45
2021-06-26,0.6,0.6,0.6,0.6,548990505.59
2021-06-27,0.6,0.7,0.6,0.6,472483880.77
2021-06-28,0.6,0.7,0.6,0.6,460033268.3
2021-06-29,0.6,0.7,0.6,0.7,718445315.27
2021-06-30,0.7,0.7,0.6,0.7,634287485.15
2021-07-01,0.7,0.7,0.6,0.7,463328799.28
2021-07-02,0.7,0.7,0.6,0.7,387562387.59
2021-07-03,0.7,0.7,0.6,0.7,329367273.74
2021-07-04,0.7,0.7,0.7,0.7,334071078.78
2021-07-05,0.7,0.7,0.6,0.7,407839477.88
2021-07-06,0.7,0.7,0.7,0.7,356111895.89
2021-07-07,0.7,0.7,0.6,0.7,284356433.42
2021-07-08,0.7,0.7,0.6,0.6,430925669.18
2021-07-09,0.6,0.6,0.6,0.6,358836803.69
2021-07-10,0.6,0.6,0.6,0.6,279711260.06
2021-07-11,0.6,0.6,0.6,0.6,201320995.42
2021-07-12,0.6,0.7,0.6,0.6,356848391.96
2021-07-13,0.6,0.6,0.6,0.6,315648113.8
2021-07-14,0.6,0.6,0.6,0.6,352306488.76
2021-07-15,0.6,0.6,0.6,0.6,339655984.05
2021-07-16,0.6,0.6,0.6,0.6,282511701.89
2021-07-17,0.6,0.6,0.6,0.6,263418042.14
2021-07-18,0.6,0.6,0.6,0.6,241849135.65
2021-07-19,0.6,0.6,0.6,0.6,294780945.07
2021-07-20,0.6,0.6,0.5,0.5,393704657.61
2021-07-21,0.5,0.6,0.5,0.6,493423679.61
2021-07-22,0.6,0.6,0.6,0.6,409238764.36
2021-07-23,0.6,0.6,0.6,0.6,359561806.43
2021-07-24,0.6,0.6,0.6,0.6,319684922.3
2021-07-25,0.6,0.6,0.6,0.6,259034501.15
2021-07-26,0.6,0.7,0.6,0.6,803413949.18
2021-07-27,0.6,0.7,0.6,0.6,427078091.95
2021-07-28,0.6,0.8,0.6,0.7,1172622702.04
2021-07-29,0.7,0.8,0.7,0.7,513356476.87
2021-07-30,0.7,0.8,0.7,0.8,604445794.9
2021-07-31,0.8,0.8,0.7,0.7,377281828.25
2021-08-01,0.7,0.8,0.7,0.7,469477766.36
2021-08-02,0.7,0.8,0.7,0.7,410656081.94
2021-08-03,0.7,0.7,0.7,0.7,398158150.61
2021-08-04,0.7,0.7,0.7,0.7,330543019.03
2021-08-05,0.7,0.7,0.7,0.7,331894003.59
2021-08-06,0.7,0.8,0.7,0.7,304988991.92
2021-08-07,0.7,0.8,0.7,0.8,589624594.72
2021-08-08,0.8,0.8,0.8,0.8,556138875.77
2021-08-09,0.8,0.8,0.8,0.8,474908832.08
2021-08-10,0.8,0.9,0.8,0.9,503252613.21
2021-08-11,0.9,1.1,0.8,1.0,1131344973.99
2021-08-12,1.0,1.0,0.9,1.0,990869466.08
2021-08-13,1.0,1.1,1.0,1.1,674407528.31
2021-08-14,1.1,1.3,1.1,1.3,1408060485.32
2021-08-15,1.3,1.4,1.2,1.3,1155282513.71
2021-08-16,1.3,1.3,1.1,1.2,912003805.45
2021-08-17,1.2,1.2,1.1,1.1,893360572.36
2021-08-18,1.1,1.2,1.1,1.1,870414538.26
2021-08-19,1.1,1.2,1.1,1.2,723276976.29
2021-08-20,1.2,1.3,1.2,1.3,594584554.01
2021-08-21,1.3,1.3,1.2,1.2,394160040.58
2021-08-22,1.2,1.3,1.2,1.2,360176161.72
2021-08-23,1.2,1.3,1.2,1.2,661403795.74
2021-08-24,1.2,1.3,1.1,1.1,637760055.93
2021-08-25,1.1,1.2,1.1,1.2,530858362.99
2021-08-26,1.2,1.2,1.1,1.1,569965192.92
2021-08-27,1.1,1.2,1.1,1.2,565739468.35
2021-08-28,1.2,1.2,1.1,1.1,314618250.83
2021-08-29,1.1,1.2,1.1,1.1,313294895.0
2021-08-30,1.1,1.1,1.1,1.1,364996870.0
2021-08-31,1.1,1.2,1.1,1.2,709823003.3
2021-09-01,1.2,1.2,1.2,1.2,469917987.0
2021-09-02,1.2,1.3,1.2,1.3,501596506.82
2021-09-03,1.3,1.3,1.2,1.3,526413570.07
2021-09-04,1.3,1.3,1.2,1.3,355870711.0
2021-09-05,1.3,1.3,1.2,1.3,335187953.0
2021-09-06,1.3,1.4,1.3,1.4,710855257.92
2021-09-07,1.4,1.4,1.0,1.1,1297978123.89
2021-09-08,1.1,1.1,1.0,1.1,794455994.0
2021-09-09,1.1,1.1,1.1,1.1,604426508.0
2021-09-10,1.1,1.2,1.0,1.1,901671116.0
2021-09-11,1.1,1.1,1.1,1.1,336502704.0
2021-09-12,1.1,1.1,1.1,1.1,324049191.0
2021-09-13,1.1,1.1,1.0,1.1,510682363.0
2021-09-14,1.1,1.1,1.1,1.1,275908113.0
2021-09-15,1.1,1.1,1.1,1.1,289063987.0
2021-09-16,1.1,1.1,1.1,1.1,302954441.0
2021-09-17,1.1,1.1,1.1,1.1,297933223.0
2021-09-18,1.1,1.1,1.1,1.1,195352031.0
2021-09-19,1.1,1.1,1.0,1.0,211015299.0
2021-09-20,1.0,1.0,0.9,0.9,837287959.74
2021-09-21,0.9,1.0,0.9,0.9,632313366.81
2021-09-22,0.9,1.0,0.9,1.0,606417695.0
2021-09-23,1.0,1.0,1.0,1.0,409673892.0
2021-09-24,1.0,1.0,0.9,0.9,605329486.0
2021-09-25,0.9,1.0,0.9,0.9,347043937.0
2021-09-26,0.9,1.0,0.9,0.9,384081774.0
2021-09-27,0.9,1.0,0.9,0.9,350234819.0
2021-09-28,0.9,0.9,0.9,0.9,313521537.0
2021-09-29,0.9,1.0,0.9,0.9,459660796.0
2021-09-30,0.9,1.0,0.9,1.0,332911904.0
2021-10-01,1.0,1.1,0.9,1.0,644378881.0
2021-10-02,1.0,1.1,1.0,1.0,398398944.0
2021-10-03,1.0,1.1,1.0,1.1,410176280.0
2021-10-04,1.1,1.1,1.0,1.0,416467677.0
2021-10-05,1.0,1.1,1.0,1.1,429469278.0
2021-10-06,1.1,1.1,1.0,1.1,509214129.0
2021-10-07,1.1,1.1,1.0,1.1,410868906.0
2021-10-08,1.1,1.1,1.1,1.1,335486636.0
2021-10-09,1.1,1.2,1.1,1.2,678027224.72
2021-10-10,1.2,1.2,1.1,1.1,647048690.0
2021-10-11,1.1,1.2,1.1,1.1,429676031.0
2021-10-12,1.1,1.1,1.1,1.1,455399313.0
2021-10-13,1.1,1.1,1.1,1.1,403291632.0
2021-10-14,1.1,1.2,1.1,1.1,353714419.0
2021-10-15,1.1,1.2,1.1,1.1,573654581.0
2021-10-16,1.1,1.2,1.1,1.1,339530696.0
2021-10-17,1.1,1.1,1.0,1.1,384414867.0
2021-10-18,1.1,1.1,1.1,1.1,321174243.0
2021-10-19,1.1,1.1,1.1,1.1,235324664.0
2021-10-20,1.1,1.2,1.1,1.1,346122480.0
2021-10-21,1.1,1.2,1.1,1.1,442288500.0
2021-10-22,1.1,1.1,1.1,1.1,333619107.0
2021-10-23,1.1,1.1,1.1,1.1,189644449.0
2021-10-24,1.1,1.1,1.1,1.1,234286648.0
2021-10-25,1.1,1.1,1.1,1.1,218666074.0
2021-10-26,1.1,1.2,1.1,1.1,439499263.0
2021-10-27,1.1,1.1,0.9,1.0,914728059.0
2021-10-28,1.0,1.1,1.0,1.1,686113717.0
2021-10-29,1.1,1.1,1.0,1.1,357777322.0
2021-10-30,1.1,1.1,1.1,1.1,372223050.0
2021-10-31,1.1,1.2,1.1,1.1,659007943.0
2021-11-01,1.1,1.1,1.1,1.1,381430430.0
2021-11-02,1.1,1.1,1.1,1.1,398377412.0
2021-11-03,1.1,1.2,1.1,1.2,838803472.0
2021-11-04,1.2,1.3,1.2,1.2,553456246.0
2021-11-05,1.2,1.2,1.1,1.2,318649692.0
2021-11-06,1.2,1.2,1.1,1.2,260339849.0
2021-11-07,1.2,1.2,1.1,1.2,371235010.0
2021-11-08,1.2,1.3,1.2,1.3,606055941.0
2021-11-09,1.3,1.3,1.2,1.3,465127517.0
2021-11-10,1.3,1.3,1.1,1.2,932520826.0
2021-11-11,1.2,1.3,1.2,1.2,475284132.0
2021-11-12,1.2,1.2,1.2,1.2,446863355.0
2021-11-13,1.2,1.2,1.2,1.2,240083101.0
2021-11-14,1.2,1.2,1.2,1.2,192023307.0
2021-11-15,1.2,1.2,1.2,1.2,266793400.0
2021-11-16,1.2,1.2,1.0,1.1,599544174.0
2021-11-17,1.1,1.1,1.1,1.1,383487232.0
2021-11-18,1.1,1.2,1.0,1.0,698664651.0
2021-11-19,1.0,1.1,1.0,1.1,349087574.0
2021-11-20,1.1,1.1,1.1,1.1,251779916.0
2021-11-21,1.1,1.1,1.1,1.1,228064131.0
2021-11-22,1.1,1.1,1.0,1.0,307140428.0
2021-11-23,1.0,1.1,1.0,1.1,341407597.0
2021-11-24,1.1,1.1,1.0,1.0,344750680.0
2021-11-25,1.0,1.1,1.0,1.0,312211526.0
2021-11-26,1.0,1.0,0.9,0.9,659982617.0
2021-11-27,0.9,1.0,0.9,0.9,224846313.0
2021-11-28,0.9,1.0,0.9,1.0,336336729.0
2021-11-29,1.0,1.0,1.0,1.0,303393405.0
2021-11-30,1.0,1.0,1.0,1.0,340017409.0
2021-12-01,1.0,1.0,1.0,1.0,250291608.0
2021-12-02,1.0,1.0,1.0,1.0,213172250.0
2021-12-03,1.0,1.0,0.9,0.9,297172193.0
2021-12-04,0.9,0.9,0.6,0.8,1357965897.04
2021-12-05,0.8,0.9,0.8,0.8,518767360.0
2021-12-06,0.8,0.8,0.7,0.8,508644255.0
2021-12-07,0.8,0.8,0.8,0.8,319504545.0
2021-12-08,0.8,0.9,0.8,0.9,415004580.0
2021-12-09,0.9,0.9,0.8,0.9,684730305.0
2021-12-10,0.9,0.9,0.8,0.8,496512579.0
2021-12-11,0.8,0.8,0.8,0.8,284945414.0
2021-12-12,0.8,0.9,0.8,0.8,224450903.0
2021-12-13,0.8,0.8,0.8,0.8,378446930.0
2021-12-14,0.8,0.8,0.8,0.8,352693472.0
2021-12-15,0.8,0.8,0.8,0.8,354116180.0
2021-12-16,0.8,0.8,0.8,0.8,206133176.0
2021-12-17,0.8,0.8,0.8,0.8,260108143.0
2021-12-18,0.8,0.8,0.8,0.8,170671362.0
2021-12-19,0.8,0.8,0.8,0.8,163876270.0
2021-12-20,0.8,0.9,0.8,0.9,555435824.0
2021-12-21,0.9,1.0,0.9,0.9,471318013.0
2021-12-22,0.9,1.0,0.9,1.0,401407051.0
2021-12-23,1.0,1.0,0.9,1.0,479436230.0
2021-12-24,1.0,1.0,0.9,0.9,567234092.0
2021-12-25,0.9,0.9,0.9,0.9,250074945.0
2021-12-26,0.9,0.9,0.9,0.9,163438501.0
2021-12-27,0.9,1.0,0.9,0.9,236282371.0
2021-12-28,0.9,0.9,0.8,0.9,321266081.0
2021-12-29,0.9,0.9,0.8,0.8,306520880.0
2021-12-30,0.8,0.9,0.8,0.8,262671659.0
2021-12-31,0.8,0.9,0.8,0.8,239829934.0
2022-01-01,0.8,0.9,0.8,0.9,136976730.0
2022-01-02,0.9,0.9,0.8,0.9,129688032.0
2022-01-03,0.9,0.9,0.8,0.8,178618617.0
2022-01-04,0.8,0.8,0.8,0.8,214415744.0
2022-01-05,0.8,0.8,0.7,0.8,370612510.0
2022-01-06,0.8,0.8,0.7,0.8,307202277.0
2022-01-07,0.8,0.8,0.7,0.8,372926762.0
2022-01-08,0.8,0.8,0.7,0.7,253028571.0
2022-01-09,0.7,0.8,0.7,0.8,151521399.0
2022-01-10,0.8,0.8,0.7,0.7,313080154.0
2022-01-11,0.7,0.8,0.7,0.8,254065075.0
2022-01-12,0.8,0.8,0.8,0.8,295701910.0
2022-01-13,0.8,0.8,0.8,0.8,227833834.0
2022-01-14,0.8,0.8,0.8,0.8,221104212.0
2022-01-15,0.8,0.8,0.8,0.8,138443019.0
2022-01-16,0.8,0.8,0.8,0.8,125068081.0
2022-01-17,0.8,0.8,0.7,0.8,181653025.0
2022-01-18,0.8,0.8,0.7,0.8,188367099.0
2022-01-19,0.8,0.8,0.7,0.7,190555142.0
2022-01-20,0.7,0.8,0.7,0.7,205931050.0
2022-01-21,0.7,0.7,0.6,0.6,612944841.0
2022-01-22,0.6,0.7,0.5,0.6,769947907.12
2022-01-23,0.6,0.6,0.6,0.6,331234207.0
2022-01-24,0.6,0.6,0.6,0.6,513343471.0
2022-01-25,0.6,0.6,0.6,0.6,319618429.0
2022-01-26,0.6,0.7,0.6,0.6,466864710.0
2022-01-27,0.6,0.6,0.6,0.6,292543906.0
2022-01-28,0.6,0.6,0.6,0.6,221009653.0
2022-01-29,0.6,0.6,0.6,0.6,154572094.0
2022-01-30,0.6,0.6,0.6,0.6,146491081.0
2022-01-31,0.6,0.6,0.6,0.6,213749309.0
2022-02-01,0.6,0.6,0.6,0.6,174300620.0
2022-02-02,0.6,0.6,0.6,0.6,186608762.0
2022-02-03,0.6,0.6,0.6,0.6,168129675.0
2022-02-04,0.6,0.7,0.6,0.7,263927174.0
2022-02-05,0.7,0.7,0.6,0.7,310296779.0
2022-02-06,0.7,0.7,0.7,0.7,157303166.0
2022-02-07,0.7,0.8,0.7,0.8,640917209.0
2022-02-08,0.8,0.9,0.8,0.9,1048879447.0
2022-02-09,0.9,0.9,0.8,0.9,626331950.0
2022-02-10,0.9,0.9,0.8,0.8,495010890.0
2022-02-11,0.8,0.8,0.8,0.8,482432190.0
2022-02-12,0.8,0.9,0.7,0.8,477906804.0
2022-02-13,0.8,0.8,0.8,0.8,351589704.0
2022-02-14,0.8,0.8,0.8,0.8,304006647.0
2022-02-15,0.8,0.9,0.8,0.9,279317316.0
2022-02-16,0.9,0.9,0.8,0.8,252745706.0
2022-02-17,0.8,0.8,0.8,0.8,375190546.0
2022-02-18,0.8,0.8,0.8,0.8,417945743.0
2022-02-19,0.8,0.9,0.8,0.8,492929500.0
2022-02-20,0.8,0.8,0.8,0.8,495454770.0
2022-02-21,0.8,0.8,0.7,0.7,621650777.0
2022-02-22,0.7,0.7,0.7,0.7,597541290.0
2022-02-23,0.7,0.7,0.7,0.7,438023003.0
2022-02-24,0.7,0.7,0.6,0.7,986343826.0
2022-02-25,0.7,0.8,0.7,0.8,557343038.0
2022-02-26,0.8,0.8,0.7,0.8,520451349.0
2022-02-27,0.8,0.8,0.7,0.7,441252224.0
2022-02-28,0.7,0.8,0.7,0.8,444617964.0
2022-03-01,0.8,0.8,0.8,0.8,392126769.0
2022-03-02,0.8,0.8,0.8,0.8,377602100.0
2022-03-03,0.8,0.8,0.7,0.8,339295156.0
2022-03-04,0.8,0.8,0.7,0.7,382831997.0
2022-03-05,0.7,0.8,0.7,0.8,358200609.0
2022-03-06,0.8,0.8,0.7,0.7,304732286.0
2022-03-07,0.7,0.8,0.7,0.7,496407111.0
2022-03-08,0.7,0.7,0.7,0.7,293749434.0
2022-03-09,0.7,0.8,0.7,0.8,397032109.0
2022-03-10,0.8,0.8,0.7,0.7,397850898.0
2022-03-11,0.7,0.8,0.7,0.8,526984782.0
2022-03-12,0.8,0.8,0.8,0.8,589059126.0
2022-03-13,0.8,0.8,0.8,0.8,311279578.0
2022-03-14,0.8,0.8,0.7,0.8,326606464.0
2022-03-15,0.8,0.8,0.7,0.8,243756136.0
2022-03-16,0.8,0.8,0.8,0.8,350641035.0
2022-03-17,0.8,0.8,0.8,0.8,264101320.0
2022-03-18,0.8,0.8,0.8,0.8,222661984.0
2022-03-19,0.8,0.8,0.8,0.8,248947590.0
2022-03-20,0.8,0.8,0.8,0.8,185090508.0
2022-03-21,0.8,0.9,0.8,0.8,316427663.0
2022-03-22,0.8,0.9,0.8,0.8,305184306.0
2022-03-23,0.8,0.8,0.8,0.8,235024475.0
2022-03-24,0.8,0.8,0.8,0.8,282122073.0
2022-03-25,0.8,0.8,0.8,0.8,214450998.0
2022-03-26,0.8,0.8,0.8,0.8,122433652.0
2022-03-27,0.8,0.9,0.8,0.9,198619688.0
2022-03-28,0.9,0.9,0.9,0.9,479199201.0
2022-03-29,0.9,0.9,0.8,0.9,264756291.0
2022-03-30,0.9,0.9,0.8,0.9,201046259.0
2022-03-31,0.9,0.9,0.8,0.8,366939277.0
2022-04-01,0.8,0.8,0.8,0.8,254001232.0
2022-04-02,0.8,0.8,0.8,0.8,210041825.0
2022-04-03,0.8,0.9,0.8,0.8,159520162.0
2022-04-04,0.8,0.8,0.8,0.8,216740017.0
2022-04-05,0.8,0.8,0.8,0.8,174779509.0
2022-04-06,0.8,0.8,0.8,0.8,348686323.0
2022-04-07,0.8,0.8,0.8,0.8,196211648.0
2022-04-08,0.8,0.8,0.7,0.8,210639194.0
2022-04-09,0.8,0.8,0.8,0.8,102131244.0
2022-04-10,0.8,0.8,0.8,0.8,123028708.0
2022-04-11,0.8,0.8,0.7,0.7,354459252.0
2022-04-12,0.7,0.7,0.7,0.7,263088987.0
2022-04-13,0.7,0.7,0.7,0.7,217937566.0
2022-04-14,0.7,0.7,0.7,0.7,239629937.0
2022-04-15,0.7,0.8,0.7,0.8,439676502.0
2022-04-16,0.8,0.8,0.8,0.8,206493032.0
2022-04-17,0.8,0.8,0.7,0.8,188468510.0
2022-04-18,0.8,0.8,0.7,0.8,257757252.0
2022-04-19,0.8,0.8,0.8,0.8,199132020.0
2022-04-20,0.8,0.8,0.7,0.8,220246970.0
2022-04-21,0.8,0.8,0.7,0.7,241310449.0
2022-04-22,0.7,0.7,0.7,0.7,220757625.0
2022-04-23,0.7,0.7,0.7,0.7,163036743.0
2022-04-24,0.7,0.7,0.7,0.7,144945400.0
2022-04-25,0.7,0.7,0.6,0.7,399434752.0
2022-04-26,0.7,0.7,0.6,0.6,355964613.0
2022-04-27,0.6,0.7,0.6,0.7,277994630.0
2022-04-28,0.7,0.7,0.6,0.6,242145728.0
2022-04-29,0.6,0.6,0.6,0.6,322263629.0
2022-04-30,0.6,0.6,0.6,0.6,354754733.0
2022-05-01,0.6,0.6,0.6,0.6,279653905.0
2022-05-02,0.6,0.6,0.6,0.6,332748235.0
2022-05-03,0.6,0.6,0.6,0.6,284044788.0
2022-05-04,0.6,0.6,0.6,0.6,345607731.0
2022-05-05,0.6,0.7,0.6,0.6,446938464.0
2022-05-06,0.6,0.6,0.6,0.6,363872112.0
2022-05-07,0.6,0.6,0.6,0.6,243420987.0
2022-05-08,0.6,0.6,0.6,0.6,335981906.0
2022-05-09,0.6,0.6,0.5,0.5,841979616.33
2022-05-10,0.5,0.5,0.5,0.5,900790302.0
2022-05-11,0.5,0.5,0.4,0.4,1598443681.35
2022-05-12,0.4,0.4,0.3,0.4,1567507931.5
2022-05-13,0.4,0.5,0.4,0.4,698396767.0
2022-05-14,0.4,0.4,0.4,0.4,442845171.0
2022-05-15,0.4,0.4,0.4,0.4,267739238.0
2022-05-16,0.4,0.4,0.4,0.4,433909248.0
2022-05-17,0.4,0.4,0.4,0.4,376428299.0
2022-05-18,0.4,0.4,0.4,0.4,370954228.0
2022-05-19,0.4,0.4,0.4,0.4,285465302.0
2022-05-20,0.4,0.4,0.4,0.4,358049438.0
2022-05-21,0.4,0.4,0.4,0.4,144232225.0
2022-05-22,0.4,0.4,0.4,0.4,143783091.0
2022-05-23,0.4,0.4,0.4,0.4,301434382.0
2022-05-24,0.4,0.4,0.4,0.4,309724750.0
2022-05-25,0.4,0.4,0.4,0.4,414339536.0
2022-05-26,0.4,0.4,0.4,0.4,626704757.0
2022-05-27,0.4,0.4,0.4,0.4,549974246.0
2022-05-28,0.4,0.4,0.4,0.4,232996058.0
2022-05-29,0.4,0.4,0.4,0.4,190159222.0
2022-05-30,0.4,0.4,0.4,0.4,371239281.0
2022-05-31,0.4,0.4,0.4,0.4,422313633.0
2022-06-01,0.4,0.4,0.4,0.4,436983828.0
2022-06-02,0.4,0.4,0.4,0.4,350695114.0
2022-06-03,0.4,0.4,0.4,0.4,283788604.0
2022-06-04,0.4,0.4,0.4,0.4,134031506.0
2022-06-05,0.4,0.4,0.4,0.4,134209649.0
2022-06-06,0.4,0.4,0.4,0.4,253767142.0
2022-06-07,0.4,0.4,0.4,0.4,418785041.0
2022-06-08,0.4,0.4,0.4,0.4,307076296.0
2022-06-09,0.4,0.4,0.4,0.4,253775318.0
2022-06-10,0.4,0.4,0.4,0.4,399808206.0
2022-06-11,0.4,0.4,0.4,0.4,335176735.0
2022-06-12,0.4,0.4,0.3,0.3,427316144.0
2022-06-13,0.3,0.4,0.3,0.3,1028751993.07
2022-06-14,0.3,0.3,0.3,0.3,778418633.0
2022-06-15,0.3,0.3,0.3,0.3,865192872.0
2022-06-16,0.3,0.3,0.3,0.3,589816543.0
2022-06-17,0.3,0.3,0.3,0.3,430655102.0
2022-06-18,0.3,0.3,0.3,0.3,555977925.71
2022-06-19,0.3,0.3,0.3,0.3,393395495.0
2022-06-20,0.3,0.3,0.3,0.3,356161086.0
2022-06-21,0.3,0.3,0.3,0.3,379691157.0
2022-06-22,0.3,0.3,0.3,0.3,315095128.0
2022-06-23,0.3,0.3,0.3,0.3,293426615.0
2022-06-24,0.3,0.4,0.3,0.4,610286919.0
2022-06-25,0.4,0.4,0.4,0.4,216676025.0
2022-06-26,0.4,0.4,0.4,0.4,194186812.0
2022-06-27,0.4,0.4,0.3,0.4,274516503.0
2022-06-28,0.4,0.4,0.3,0.3,316153206.0
2022-06-29,0.3,0.3,0.3,0.3,329827694.0
2022-06-30,0.3,0.3,0.3,0.3,463148646.0
2022-07-01,0.3,0.3,0.3,0.3,373042743.0
2022-07-02,0.3,0.3,0.3,0.3,179482724.0
2022-07-03,0.3,0.3,0.3,0.3,194701668.0
2022-07-04,0.3,0.3,0.3,0.3,276890244.0
2022-07-05,0.3,0.3,0.3,0.3,332749123.0
2022-07-06,0.3,0.3,0.3,0.3,295359140.0
2022-07-07,0.3,0.3,0.3,0.3,261063763.0
2022-07-08,0.3,0.4,0.3,0.3,383269941.0
2022-07-09,0.3,0.3,0.3,0.3,131799232.0
2022-07-10,0.3,0.3,0.3,0.3,240237163.0
2022-07-11,0.3,0.3,0.3,0.3,246538517.0
2022-07-12,0.3,0.3,0.3,0.3,234067778.0
2022-07-13,0.3,0.3,0.3,0.3,354463864.0
2022-07-14,0.3,0.3,0.3,0.3,323459383.0
2022-07-15,0.3,0.3,0.3,0.3,392883643.0
2022-07-16,0.3,0.4,0.3,0.4,271487176.0
2022-07-17,0.4,0.4,0.3,0.3,203255685.0
2022-07-18,0.3,0.4,0.3,0.4,404237689.0
2022-07-19,0.4,0.4,0.4,0.4,372635897.0
2022-07-20,0.4,0.4,0.4,0.4,329852165.0
2022-07-21,0.4,0.4,0.3,0.4,276798269.0
2022-07-22,0.4,0.4,0.4,0.4,231304449.0
2022-07-23,0.4,0.4,0.3,0.4,140472336.0
2022-07-24,0.4,0.4,0.4,0.4,154710249.0
2022-07-25,0.4,0.4,0.3,0.3,250777496.0
2022-07-26,0.3,0.3,0.3,0.3,248516564.0
2022-07-27,0.3,0.4,0.3,0.4,270820690.0
2022-07-28,0.4,0.4,0.3,0.4,338381188.0
2022-07-29,0.4,0.4,0.4,0.4,276456259.0
2022-07-30,0.4,0.4,0.4,0.4,388154871.0
2022-07-31,0.4,0.4,0.4,0.4,231814092.0
2022-08-01,0.4,0.4,0.4,0.4,215729685.0
2022-08-02,0.4,0.4,0.4,0.4,261343324.0
2022-08-03,0.4,0.4,0.4,0.4,212254602.0
2022-08-04,0.4,0.4,0.4,0.4,170860294.0
2022-08-05,0.4,0.4,0.4,0.4,178170072.0
2022-08-06,0.4,0.4,0.4,0.4,88658479.0
2022-08-07,0.4,0.4,0.4,0.4,94432362.0
2022-08-08,0.4,0.4,0.4,0.4,221476216.0
2022-08-09,0.4,0.4,0.4,0.4,168358813.0
2022-08-10,0.4,0.4,0.4,0.4,218617309.0
2022-08-11,0.4,0.4,0.4,0.4,212303676.0
2022-08-12,0.4,0.4,0.4,0.4,169377982.0
2022-08-13,0.4,0.4,0.4,0.4,122728952.0
2022-08-14,0.4,0.4,0.4,0.4,184744299.0
2022-08-15,0.4,0.4,0.4,0.4,231352894.0
2022-08-16,0.4,0.4,0.4,0.4,196904975.0
2022-08-17,0.4,0.4,0.4,0.4,333525617.0
2022-08-18,0.4,0.4,0.4,0.4,206448429.0
2022-08-19,0.4,0.4,0.3,0.3,437831008.0
2022-08-20,0.3,0.3,0.3,0.3,206218319.0
2022-08-21,0.3,0.3,0.3,0.3,185595697.0
2022-08-22,0.3,0.3,0.3,0.3,259125051.0
2022-08-23,0.3,0.3,0.3,0.3,224844843.0
2022-08-24,0.3,0.4,0.3,0.3,190760736.0
2022-08-25,0.3,0.4,0.3,0.3,200831070.0
2022-08-26,0.3,0.4,0.3,0.3,439211758.0
2022-08-27,0.3,0.3,0.3,0.3,175871454.0
2022-08-28,0.3,0.3,0.3,0.3,148984590.0
2022-08-29,0.3,0.3,0.3,0.3,268856257.0
2022-08-30,0.3,0.3,0.3,0.3,213879108.0
2022-08-31,0.3,0.3,0.3,0.3,195043842.0
2022-09-01,0.3,0.3,0.3,0.3,183564987.0
2022-09-02,0.3,0.3,0.3,0.3,179601436.0
2022-09-03,0.3,0.3,0.3,0.3,103317904.0
2022-09-04,0.3,0.3,0.3,0.3,95913393.0
2022-09-05,0.3,0.3,0.3,0.3,178320876.0
2022-09-06,0.3,0.3,0.3,0.3,337153895.0
2022-09-07,0.3,0.3,0.3,0.3,267709589.0
2022-09-08,0.3,0.3,0.3,0.3,234589959.0
2022-09-09,0.3,0.4,0.3,0.4,334849027.0
2022-09-10,0.4,0.4,0.4,0.4,186010258.0
2022-09-11,0.4,0.4,0.3,0.4,146159090.0
2022-09-12,0.4,0.4,0.3,0.4,243143764.0
2022-09-13,0.4,0.4,0.3,0.3,364278378.0
2022-09-14,0.3,0.3,0.3,0.3,308604961.0
2022-09-15,0.3,0.3,0.3,0.3,406236125.0
2022-09-16,0.3,0.4,0.3,0.4,370003740.0
2022-09-17,0.4,0.4,0.3,0.4,443007880.0
2022-09-18,0.4,0.4,0.4,0.4,680858418.0
2022-09-19,0.4,0.4,0.3,0.4,737172977.0
2022-09-20,0.4,0.4,0.4,0.4,1113792429.0
2022-09-21,0.4,0.4,0.4,0.4,925735817.0
2022-09-22,0.4,0.5,0.4,0.5,1322834928.0
2022-09-23,0.5,0.6,0.5,0.5,1820625745.0
2022-09-24,0.5,0.5,0.5,0.5,711158721.0
2022-09-25,0.5,0.5,0.5,0.5,738162563.0
2022-09-26,0.5,0.5,0.5,0.5,626520230.0
2022-09-27,0.5,0.5,0.4,0.4,628394011.0
2022-09-28,0.4,0.5,0.4,0.4,595920283.0
2022-09-29,0.4,0.5,0.4,0.5,788666701.0
2022-09-30,0.5,0.5,0.5,0.5,683028303.0
2022-10-01,0.5,0.5,0.5,0.5,332745201.0
2022-10-02,0.5,0.5,0.4,0.4,331325448.0
2022-10-03,0.4,0.5,0.4,0.5,393625435.0
2022-10-04,0.5,0.5,0.5,0.5,528294804.0
2022-10-05,0.5,0.5,0.5,0.5,582675616.0
2022-10-06,0.5,0.5,0.5,0.5,412623504.0
2022-10-07,0.5,0.5,0.5,0.5,523500800.0
2022-10-08,0.5,0.5,0.5,0.5,340783746.0
2022-10-09,0.5,0.5,0.5,0.5,366379188.0
2022-10-10,0.5,0.5,0.5,0.5,519737735.0
2022-10-11,0.5,0.5,0.5,0.5,445279743.0
2022-10-12,0.5,0.5,0.5,0.5,245221984.0
2022-10-13,0.5,0.5,0.4,0.5,601751609.0
2022-10-14,0.5,0.5,0.5,0.5,457259209.0
2022-10-15,0.5,0.5,0.5,0.5,155163123.0
2022-10-16,0.5,0.5,0.5,0.5,220894101.0
2022-10-17,0.5,0.5,0.5,0.5,266511552.0
2022-10-18,0.5,0.5,0.5,0.5,289689721.0
2022-10-19,0.5,0.5,0.4,0.5,330327507.0
2022-10-20,0.5,0.5,0.4,0.4,396744045.0
2022-10-21,0.4,0.5,0.4,0.5,362000551.0
2022-10-22,0.5,0.5,0.5,0.5,168922503.0
2022-10-23,0.5,0.5,0.5,0.5,201619037.0
2022-10-24,0.5,0.5,0.4,0.5,269189993.0
2022-10-25,0.5,0.5,0.4,0.5,350361399.0
2022-10-26,0.5,0.5,0.5,0.5,308800077.0
2022-10-27,0.5,0.5,0.5,0.5,386147200.0
2022-10-28,0.5,0.5,0.5,0.5,258511622.0
2022-10-29,0.5,0.5,0.5,0.5,284375501.0
2022-10-30,0.5,0.5,0.5,0.5,182831402.0
2022-10-31,0.5,0.5,0.4,0.5,291632134.0
2022-11-01,0.5,0.5,0.5,0.5,272552886.0
2022-11-02,0.5,0.5,0.4,0.4,305327596.0
2022-11-03,0.4,0.5,0.4,0.5,221405589.0
2022-11-04,0.5,0.5,0.5,0.5,561979429.0
2022-11-05,0.5,0.5,0.5,0.5,199360700.0
2022-11-06,0.5,0.5,0.5,0.5,163125807.0
2022-11-07,0.5,0.5,0.5,0.5,325333918.0
2022-11-08,0.5,0.5,0.3,0.4,978082649.0
2022-11-09,0.4,0.4,0.3,0.3,908074197.0
2022-11-10,0.3,0.4,0.3,0.4,815070852.0
2022-11-11,0.4,0.4,0.4,0.4,477945830.0
2022-11-12,0.4,0.4,0.4,0.4,254821436.0
2022-11-13,0.4,0.4,0.3,0.3,334510449.0
2022-11-14,0.3,0.4,0.3,0.4,693547037.0
2022-11-15,0.4,0.4,0.4,0.4,541305225.0
2022-11-16,0.4,0.4,0.4,0.4,363276410.0
2022-11-17,0.4,0.4,0.4,0.4,413772413.0
2022-11-18,0.4,0.4,0.4,0.4,292591109.0
2022-11-19,0.4,0.4,0.4,0.4,145313373.0
2022-11-20,0.4,0.4,0.4,0.4,308373842.0
2022-11-21,0.4,0.4,0.3,0.4,591706474.0
2022-11-22,0.4,0.4,0.4,0.4,464705247.0
2022-11-23,0.4,0.4,0.4,0.4,354058802.0
2022-11-24,0.4,0.4,0.4,0.4,454087891.0
2022-11-25,0.4,0.4,0.4,0.4,428503257.0
2022-11-26,0.4,0.4,0.4,0.4,184581391.0
2022-11-27,0.4,0.4,0.4,0.4,199432182.0
2022-11-28,0.4,0.4,0.4,0.4,434930297.0
2022-11-29,0.4,0.4,0.4,0.4,355638077.0
2022-11-30,0.4,0.4,0.4,0.4,329757224.0
2022-12-01,0.4,0.4,0.4,0.4,251203503.0
2022-12-02,0.4,0.4,0.4,0.4,257877078.0
2022-12-03,0.4,0.4,0.4,0.4,152919238.0
2022-12-04,0.4,0.4,0.4,0.4,134434499.0
2022-12-05,0.4,0.4,0.4,0.4,338205071.0
2022-12-06,0.4,0.4,0.4,0.4,302191639.0
2022-12-07,0.4,0.4,0.4,0.4,307733325.0
2022-12-08,0.4,0.4,0.4,0.4,276255107.0
2022-12-09,0.4,0.4,0.4,0.4,259535105.0
2022-12-10,0.4,0.4,0.4,0.4,99433210.0
2022-12-11,0.4,0.4,0.4,0.4,96374128.0
2022-12-12,0.4,0.4,0.4,0.4,348028456.0
2022-12-13,0.4,0.4,0.4,0.4,440118070.0
2022-12-14,0.4,0.4,0.4,0.4,329607186.0
2022-12-15,0.4,0.4,0.4,0.4,226540166.0
2022-12-16,0.4,0.4,0.3,0.4,376428572.0
2022-12-17,0.4,0.4,0.3,0.4,208492422.0
2022-12-18,0.4,0.4,0.3,0.3,115421793.0
2022-12-19,0.3,0.4,0.3,0.3,365699862.0
2022-12-20,0.3,0.4,0.3,0.3,312424782.0
2022-12-21,0.3,0.4,0.3,0.3,287425951.0
2022-12-22,0.3,0.4,0.3,0.3,255155313.0
2022-12-23,0.3,0.4,0.3,0.4,221882542.0
2022-12-24,0.4,0.4,0.4,0.4,62857912.0
2022-12-25,0.4,0.4,0.3,0.3,100344595.0
2022-12-26,0.3,0.4,0.3,0.4,337834881.0
2022-12-27,0.4,0.4,0.4,0.4,385194770.0
2022-12-28,0.4,0.4,0.4,0.4,337095747.0
2022-12-29,0.4,0.4,0.3,0.3,347820025.0
2022-12-30,0.3,0.3,0.3,0.3,270037618.0
2022-12-31,0.3,0.3,0.3,0.3,138156698.0
2023-01-01,0.3,0.3,0.3,0.3,102026821.0
2023-01-02,0.3,0.4,0.3,0.3,647520487.0
2023-01-03,0.3,0.4,0.3,0.3,346410334.0
2023-01-04,0.3,0.4,0.3,0.3,372672796.0
2023-01-05,0.3,0.3,0.3,0.3,265529668.0
2023-01-06,0.3,0.3,0.3,0.3,278304929.0
2023-01-07,0.3,0.3,0.3,0.3,103851424.0
2023-01-08,0.3,0.3,0.3,0.3,185516324.0
2023-01-09,0.3,0.4,0.3,0.3,527746615.0
2023-01-10,0.3,0.4,0.3,0.4,338577860.0
2023-01-11,0.4,0.4,0.3,0.4,626037461.0
2023-01-12,0.4,0.4,0.4,0.4,505754231.0
2023-01-13,0.4,0.4,0.4,0.4,405120914.0
2023-01-14,0.4,0.4,0.4,0.4,582781070.0
2023-01-15,0.4,0.4,0.4,0.4,294014260.0
2023-01-16,0.4,0.4,0.4,0.4,542041099.0
2023-01-17,0.4,0.4,0.4,0.4,378212343.0
2023-01-18,0.4,0.4,0.4,0.4,615064764.0
2023-01-19,0.4,0.4,0.4,0.4,416112670.0
2023-01-20,0.4,0.4,0.4,0.4,366316527.0
2023-01-21,0.4,0.4,0.4,0.4,346602583.0
2023-01-22,0.4,0.4,0.4,0.4,250067543.0
2023-01-23,0.4,0.4,0.4,0.4,723894773.0
2023-01-24,0.4,0.4,0.4,0.4,411297898.0
2023-01-25,0.4,0.4,0.4,0.4,375065459.0
2023-01-26,0.4,0.4,0.4,0.4,290069659.0
2023-01-27,0.4,0.4,0.4,0.4,274281738.0
2023-01-28,0.4,0.4,0.4,0.4,148949278.0
2023-01-29,0.4,0.4,0.4,0.4,166884667.0
2023-01-30,0.4,0.4,0.4,0.4,433795926.0
2023-01-31,0.4,0.4,0.4,0.4,346580963.0
2023-02-01,0.4,0.4,0.4,0.4,379103907.0
2023-02-02,0.4,0.4,0.4,0.4,322532370.0
2023-02-03,0.4,0.4,0.4,0.4,274689680.0
2023-02-04,0.4,0.4,0.4,0.4,178134111.0
2023-02-05,0.4,0.4,0.4,0.4,237111362.0
2023-02-06,0.4,0.4,0.4,0.4,315995053.0
2023-02-07,0.4,0.4,0.4,0.4,356160688.0
2023-02-08,0.4,0.4,0.4,0.4,263188839.0
2023-02-09,0.4,0.4,0.4,0.4,526681339.0
2023-02-10,0.4,0.4,0.4,0.4,279931749.0
2023-02-11,0.4,0.4,0.4,0.4,123179600.0
2023-02-12,0.4,0.4,0.4,0.4,135976322.0
2023-02-13,0.4,0.4,0.4,0.4,382768169.0
2023-02-14,0.4,0.4,0.4,0.4,372274074.0
2023-02-15,0.4,0.4,0.4,0.4,370966882.0
2023-02-16,0.4,0.4,0.4,0.4,450636395.0
2023-02-17,0.4,0.4,0.4,0.4,358052399.0
2023-02-18,0.4,0.4,0.4,0.4,145625421.0
2023-02-19,0.4,0.4,0.4,0.4,237992952.0
2023-02-20,0.4,0.4,0.4,0.4,557018367.0
2023-02-21,0.4,0.4,0.4,0.4,448284088.0
2023-02-22,0.4,0.4,0.4,0.4,389277544.0
2023-02-23,0.4,0.4,0.4,0.4,348351954.0
2023-02-24,0.4,0.4,0.4,0.4,356652233.0
2023-02-25,0.4,0.4,0.4,0.4,179723963.0
2023-02-26,0.4,0.4,0.4,0.4,130843027.0
2023-02-27,0.4,0.4,0.4,0.4,421412885.0
2023-02-28,0.4,0.4,0.4,0.4,371401256.0
2023-03-01,0.4,0.4,0.4,0.4,317577485.0
2023-03-02,0.4,0.4,0.4,0.4,281873061.0
2023-03-03,0.4,0.4,0.4,0.4,490515388.0
2023-03-04,0.4,0.4,0.4,0.4,164275250.0
2023-03-05,0.4,0.4,0.4,0.4,163637644.0
2023-03-06,0.4,0.4,0.4,0.4,428373378.0
2023-03-07,0.4,0.4,0.4,0.4,562644274.0
2023-03-08,0.4,0.4,0.4,0.4,682406723.0
2023-03-09,0.4,0.4,0.4,0.4,655014119.0
2023-03-10,0.4,0.4,0.4,0.4,541098785.0
2023-03-11,0.4,0.4,0.4,0.4,342981412.0
2023-03-12,0.4,0.4,0.3,0.4,389760071.0
2023-03-13,0.4,0.4,0.4,0.4,556402600.0
2023-03-14,0.4,0.4,0.4,0.4,544803822.0
2023-03-15,0.4,0.4,0.4,0.4,385093409.0
2023-03-16,0.4,0.4,0.4,0.4,259083315.0
2023-03-17,0.4,0.4,0.4,0.4,405873760.0
2023-03-18,0.4,0.4,0.4,0.4,360335327.0
2023-03-19,0.4,0.4,0.4,0.4,476291604.0
2023-03-20,0.4,0.4,0.4,0.4,443129416.0
2023-03-21,0.4,0.5,0.4,0.5,1698380685.0
2023-03-22,0.5,0.5,0.4,0.4,1409641087.0
2023-03-23,0.4,0.5,0.4,0.4,837629903.0
2023-03-24,0.4,0.4,0.4,0.4,507977567.0
2023-03-25,0.4,0.5,0.4,0.4,635312958.0
2023-03-26,0.4,0.5,0.4,0.4,364479792.0
2023-03-27,0.4,0.5,0.4,0.5,1003256531.0
2023-03-28,0.5,0.5,0.5,0.5,1126346466.0
2023-03-29,0.5,0.6,0.5,0.5,1291815558.0
2023-03-30,0.5,0.6,0.5,0.5,827691286.0
2023-03-31,0.5,0.6,0.5,0.5,532875635.0
2023-04-01,0.5,0.5,0.5,0.5,516087832.0
2023-04-02,0.5,0.5,0.5,0.5,391347744.0
2023-04-03,0.5,0.5,0.5,0.5,522070023.0
2023-04-04,0.5,0.5,0.5,0.5,360227447.0
2023-04-05,0.5,0.5,0.5,0.5,411989031.0
2023-04-06,0.5,0.5,0.5,0.5,315900045.0
2023-04-07,0.5,0.5,0.5,0.5,318185786.0
2023-04-08,0.5,0.5,0.5,0.5,136614694.0
2023-04-09,0.5,0.5,0.5,0.5,116122379.0
2023-04-10,0.5,0.5,0.5,0.5,264898196.0
2023-04-11,0.5,0.5,0.5,0.5,358821527.0
2023-04-12,0.5,0.5,0.5,0.5,339100343.0
2023-04-13,0.5,0.5,0.5,0.5,273342378.0
2023-04-14,0.5,0.5,0.5,0.5,462335443.0
2023-04-15,0.5,0.5,0.5,0.5,152508925.0
2023-04-16,0.5,0.5,0.5,0.5,157240759.0
2023-04-17,0.5,0.5,0.5,0.5,299749754.0
2023-04-18,0.5,0.5,0.5,0.5,358112470.0
2023-04-19,0.5,0.5,0.5,0.5,620153279.0
2023-04-20,0.5,0.5,0.5,0.5,454997513.0
2023-04-21,0.5,0.5,0.4,0.4,425209825.0
2023-04-22,0.4,0.5,0.4,0.5,242021955.0
2023-04-23,0.5,0.5,0.5,0.5,222191297.0
2023-04-24,0.5,0.5,0.4,0.5,408426760.0
2023-04-25,0.5,0.5,0.5,0.5,377056298.0
2023-04-26,0.5,0.5,0.4,0.5,551155391.0
2023-04-27,0.5,0.5,0.5,0.5,345756985.0
2023-04-28,0.5,0.5,0.5,0.5,384917512.0
2023-04-29,0.5,0.5,0.5,0.5,175533507.0
2023-04-30,0.5,0.5,0.5,0.5,143199211.0
2023-05-01,0.5,0.5,0.5,0.5,338231418.0
2023-05-02,0.5,0.5,0.5,0.5,330734355.0
2023-05-03,0.5,0.5,0.4,0.5,341232638.0
2023-05-04,0.5,0.5,0.5,0.5,218212542.0
2023-05-05,0.5,0.5,0.5,0.5,292855620.0
2023-05-06,0.5,0.5,0.5,0.5,168649976.0
2023-05-07,0.5,0.5,0.4,0.4,119401215.0
2023-05-08,0.4,0.5,0.4,0.4,483055933.0
2023-05-09,0.4,0.4,0.4,0.4,331497882.0
2023-05-10,0.4,0.4,0.4,0.4,334930240.0
2023-05-11,0.4,0.4,0.4,0.4,288769811.0
2023-05-12,0.4,0.4,0.4,0.4,408757650.0
2023-05-13,0.4,0.4,0.4,0.4,102125283.0
2023-05-14,0.4,0.4,0.4,0.4,97517794.0
2023-05-15,0.4,0.4,0.4,0.4,263543031.0
2023-05-16,0.4,0.4,0.4,0.4,357854908.0
2023-05-17,0.4,0.5,0.4,0.4,511331200.0
2023-05-18,0.4,0.5,0.4,0.5,420292099.0
2023-05-19,0.5,0.5,0.5,0.5,327924286.0
2023-05-20,0.5,0.5,0.5,0.5,133085427.0
2023-05-21,0.5,0.5,0.5,0.5,152105849.0
2023-05-22,0.5,0.5,0.4,0.5,289989578.0
2023-05-23,0.5,0.5,0.5,0.5,270491006.0
2023-05-24,0.5,0.5,0.4,0.5,334128026.0
2023-05-25,0.5,0.5,0.4,0.5,190174437.0
2023-05-26,0.5,0.5,0.5,0.5,284645154.0
2023-05-27,0.5,0.5,0.5,0.5,178798933.0
2023-05-28,0.5,0.5,0.5,0.5,166534206.0
2023-05-29,0.5,0.5,0.5,0.5,328535756.0
2023-05-30,0.5,0.5,0.5,0.5,662891231.0
2023-05-31,0.5,0.5,0.5,0.5,440917044.0
2023-06-01,0.5,0.5,0.5,0.5,320782418.0
2023-06-02,0.5,0.5,0.5,0.5,293048961.0
2023-06-03,0.5,0.5,0.5,0.5,172139129.0
2023-06-04,0.5,0.5,0.5,0.5,250235168.0
2023-06-05,0.5,0.5,0.5,0.5,616993814.0
2023-06-06,0.5,0.5,0.5,0.5,458413458.0
2023-06-07,0.5,0.5,0.5,0.5,467474175.0
2023-06-08,0.5,0.5,0.5,0.5,262982251.0
2023-06-09,0.5,0.5,0.5,0.5,352068623.0
2023-06-10,0.5,0.5,0.5,0.5,609302319.0
2023-06-11,0.5,0.5,0.5,0.5,221202480.0
2023-06-12,0.5,0.5,0.5,0.5,356547544.0
2023-06-13,0.5,0.6,0.5,0.5,771631184.0
2023-06-14,0.5,0.5,0.5,0.5,544396397.0
2023-06-15,0.5,0.5,0.5,0.5,337742736.0
2023-06-16,0.5,0.5,0.5,0.5,376661662.0
2023-06-17,0.5,0.5,0.5,0.5,189579671.0
2023-06-18,0.5,0.5,0.5,0.5,225020544.0
2023-06-19,0.5,0.5,0.5,0.5,322187608.0
2023-06-20,0.5,0.5,0.5,0.5,378325906.0
2023-06-21,0.5,0.5,0.5,0.5,408749828.0
2023-06-22,0.5,0.5,0.5,0.5,442729597.0
2023-06-23,0.5,0.5,0.5,0.5,345391930.0
2023-06-24,0.5,0.5,0.5,0.5,193097516.0
2023-06-25,0.5,0.5,0.5,0.5,191583170.0
2023-06-26,0.5,0.5,0.5,0.5,305338027.0
2023-06-27,0.5,0.5,0.5,0.5,291583944.0
2023-06-28,0.5,0.5,0.4,0.5,325837765.0
2023-06-29,0.5,0.5,0.5,0.5,211214558.0
2023-06-30,0.5,0.5,0.4,0.5,393612239.0
2023-07-01,0.5,0.5,0.5,0.5,232549409.0
2023-07-02,0.5,0.5,0.5,0.5,337155089.0
2023-07-03,0.5,0.5,0.5,0.5,357020349.0
2023-07-04,0.5,0.5,0.5,0.5,299439491.0
2023-07-05,0.5,0.5,0.5,0.5,292620010.0
2023-07-06,0.5,0.5,0.5,0.5,304125111.0
2023-07-07,0.5,0.5,0.5,0.5,230688947.0
2023-07-08,0.5,0.5,0.5,0.5,116031881.0
2023-07-09,0.5,0.5,0.5,0.5,80147955.0
2023-07-10,0.5,0.5,0.5,0.5,334545737.0
2023-07-11,0.5,0.5,0.5,0.5,225681776.0
2023-07-12,0.5,0.5,0.5,0.5,220670755.0
2023-07-13,0.5,0.9,0.5,0.8,2499971165.0
2023-07-14,0.8,0.8,0.7,0.7,1525175518.0
2023-07-15,0.7,0.7,0.7,0.7,703355719.0
2023-07-16,0.7,0.8,0.7,0.7,946644269.0
2023-07-17,0.7,0.8,0.7,0.7,608872143.0
2023-07-18,0.7,0.8,0.7,0.8,598030609.0
2023-07-19,0.8,0.9,0.8,0.8,913495953.0
2023-07-20,0.8,0.8,0.8,0.8,643507521.0
2023-07-21,0.8,0.8,0.8,0.8,411233974.0
2023-07-22,0.8,0.8,0.7,0.7,324984749.0
2023-07-23,0.7,0.8,0.7,0.7,293811431.0
2023-07-24,0.7,0.7,0.7,0.7,513611905.0
2023-07-25,0.7,0.7,0.7,0.7,393523223.0
2023-07-26,0.7,0.7,0.7,0.7,369415295.0
2023-07-27,0.7,0.7,0.7,0.7,312450860.0
2023-07-28,0.7,0.7,0.7,0.7,200990844.0
2023-07-29,0.7,0.7,0.7,0.7,105603908.0
2023-07-30,0.7,0.7,0.7,0.7,267572438.0
2023-07-31,0.7,0.7,0.7,0.7,378390957.0
2023-08-01,0.7,0.7,0.7,0.7,366664318.0
2023-08-02,0.7,0.7,0.7,0.7,257325957.0
2023-08-03,0.7,0.7,0.7,0.7,353547025.0
2023-08-04,0.7,0.7,0.6,0.6,350885648.0
2023-08-05,0.6,0.6,0.6,0.6,290912373.0
2023-08-06,0.6,0.6,0.6,0.6,201522971.0
2023-08-07,0.6,0.6,0.6,0.6,446625792.0
2023-08-08,0.6,0.6,0.6,0.6,377837388.0
2023-08-09,0.6,0.7,0.6,0.6,440268396.0
2023-08-10,0.6,0.6,0.6,0.6,294658012.0
2023-08-11,0.6,0.6,0.6,0.6,225898829.0
2023-08-12,0.6,0.6,0.6,0.6,87289374.0
2023-08-13,0.6,0.6,0.6,0.6,137308778.0
2023-08-14,0.6,0.6,0.6,0.6,260175236.0
2023-08-15,0.6,0.6,0.6,0.6,388356202.0
2023-08-16,0.6,0.6,0.6,0.6,581618879.0
2023-08-17,0.6,0.6,0.4,0.5,847602528.0
2023-08-18,0.5,0.5,0.5,0.5,724839898.0
2023-08-19,0.5,0.5,0.5,0.5,298930279.0
2023-08-20,0.5,0.6,0.5,0.5,452910011.0
2023-08-21,0.5,0.5,0.5,0.5,528716245.0
2023-08-22,0.5,0.5,0.5,0.5,422200069.0
2023-08-23,0.5,0.5,0.5,0.5,286855957.0
2023-08-24,0.5,0.5,0.5,0.5,252154333.0
2023-08-25,0.5,0.5,0.5,0.5,326124248.0
2023-08-26,0.5,0.5,0.5,0.5,110436094.0
2023-08-27,0.5,0.5,0.5,0.5,132391247.0
2023-08-28,0.5,0.5,0.5,0.5,266211960.0
2023-08-29,0.5,0.5,0.5,0.5,458921685.0
2023-08-30,0.5,0.5,0.5,0.5,279526116.0
2023-08-31,0.5,0.5,0.5,0.5,359350681.0
2023-09-01,0.5,0.5,0.5,0.5,390869888.0
2023-09-02,0.5,0.5,0.5,0.5,173634913.0
2023-09-03,0.5,0.5,0.5,0.5,148603214.0
2023-09-04,0.5,0.5,0.5,0.5,293271541.0
2023-09-05,0.5,0.5,0.5,0.5,260333041.0
2023-09-06,0.5,0.5,0.5,0.5,255134232.0
2023-09-07,0.5,0.5,0.5,0.5,209969723.0
2023-09-08,0.5,0.5,0.5,0.5,223628172.0
2023-09-09,0.5,0.5,0.5,0.5,69132813.0
2023-09-10,0.5,0.5,0.5,0.5,144849888.0
2023-09-11,0.5,0.5,0.5,0.5,484437445.0
2023-09-12,0.5,0.5,0.5,0.5,356403388.0
2023-09-13,0.5,0.5,0.5,0.5,274586793.0
2023-09-14,0.5,0.5,0.5,0.5,232539752.0
2023-09-15,0.5,0.5,0.5,0.5,305608308.0
2023-09-16,0.5,0.5,0.5,0.5,132881408.0
2023-09-17,0.5,0.5,0.5,0.5,142846615.0
2023-09-18,0.5,0.5,0.5,0.5,298374742.0
2023-09-19,0.5,0.5,0.5,0.5,295258283.0
2023-09-20,0.5,0.5,0.5,0.5,288497937.0
2023-09-21,0.5,0.5,0.5,0.5,277323578.0
2023-09-22,0.5,0.5,0.5,0.5,233893377.0
2023-09-23,0.5,0.5,0.5,0.5,101716334.0
2023-09-24,0.5,0.5,0.5,0.5,112889323.0
2023-09-25,0.5,0.5,0.5,0.5,303674393.0
2023-09-26,0.5,0.5,0.5,0.5,271054261.0
2023-09-27,0.5,0.5,0.5,0.5,237514582.0
2023-09-28,0.5,0.5,0.5,0.5,247906960.0
2023-09-29,0.5,0.5,0.5,0.5,604996777.0
2023-09-30,0.5,0.5,0.5,0.5,144866051.0
2023-10-01,0.5,0.5,0.5,0.5,167673504.0
2023-10-02,0.5,0.5,0.5,0.5,319018957.0
2023-10-03,0.5,0.5,0.5,0.5,398167814.0
2023-10-04,0.5,0.5,0.5,0.5,422012491.0
2023-10-05,0.5,0.5,0.5,0.5,234313709.0
2023-10-06,0.5,0.5,0.5,0.5,219784262.0
2023-10-07,0.5,0.5,0.5,0.5,63137112.0
2023-10-08,0.5,0.5,0.5,0.5,82864720.0
2023-10-09,0.5,0.5,0.5,0.5,322604658.0
2023-10-10,0.5,0.5,0.5,0.5,228001743.0
2023-10-11,0.5,0.5,0.5,0.5,241504648.0
2023-10-12,0.5,0.5,0.5,0.5,259545095.0
2023-10-13,0.5,0.5,0.5,0.5,257150898.0
2023-10-14,0.5,0.5,0.5,0.5,93826664.0
2023-10-15,0.5,0.5,0.5,0.5,101648635.0
2023-10-16,0.5,0.5,0.5,0.5,405705160.0
2023-10-17,0.5,0.5,0.5,0.5,268586946.0
2023-10-18,0.5,0.5,0.5,0.5,202731261.0
2023-10-19,0.5,0.5,0.5,0.5,445455672.0
2023-10-20,0.5,0.5,0.5,0.5,412008957.0
2023-10-21,0.5,0.5,0.5,0.5,179110644.0
2023-10-22,0.5,0.5,0.5,0.5,165306102.0
2023-10-23,0.5,0.6,0.5,0.5,522483834.0
2023-10-24,0.5,0.6,0.5,0.6,798801237.0
2023-10-25,0.6,0.6,0.5,0.6,369106629.0
2023-10-26,0.6,0.6,0.5,0.6,397423009.0
2023-10-27,0.6,0.6,0.5,0.5,312543838.0
2023-10-28,0.5,0.6,0.5,0.5,110912293.0
2023-10-29,0.5,0.6,0.5,0.6,160069611.0
2023-10-30,0.6,0.6,0.5,0.6,436757242.0
2023-10-31,0.6,0.6,0.6,0.6,621793128.0
2023-11-01,0.6,0.6,0.6,0.6,468312081.0
2023-11-02,0.6,0.6,0.6,0.6,438254076.0
2023-11-03,0.6,0.6,0.6,0.6,329096876.0
2023-11-04,0.6,0.6,0.6,0.6,142897570.0
2023-11-05,0.6,0.7,0.6,0.7,418017252.0
2023-11-06,0.7,0.7,0.7,0.7,703629362.0
2023-11-07,0.7,0.7,0.6,0.7,618276758.0
2023-11-08,0.7,0.7,0.7,0.7,344396095.0
2023-11-09,0.7,0.7,0.6,0.7,777778139.0
2023-11-10,0.7,0.7,0.6,0.7,464857348.0
2023-11-11,0.7,0.7,0.6,0.7,380232188.0
2023-11-12,0.7,0.7,0.6,0.7,216031217.0
2023-11-13,0.7,0.8,0.6,0.7,749884441.0
2023-11-14,0.7,0.7,0.6,0.6,597417769.0
2023-11-15,0.6,0.7,0.6,0.6,339283800.0
2023-11-16,0.6,0.7,0.6,0.6,440591531.0
2023-11-17,0.6,0.6,0.6,0.6,368525340.0
2023-11-18,0.6,0.6,0.6,0.6,192040293.0
2023-11-19,0.6,0.6,0.6,0.6,240044861.0
2023-11-20,0.6,0.6,0.6,0.6,298231745.0
2023-11-21,0.6,0.6,0.6,0.6,468850910.0
2023-11-22,0.6,0.6,0.6,0.6,346216216.0
2023-11-23,0.6,0.6,0.6,0.6,305693192.0
2023-11-24,0.6,0.6,0.6,0.6,303149239.0
2023-11-25,0.6,0.6,0.6,0.6,121921267.0
2023-11-26,0.6,0.6,0.6,0.6,266307412.0
2023-11-27,0.6,0.6,0.6,0.6,309411406.0
2023-11-28,0.6,0.6,0.6,0.6,286127938.0
2023-11-29,0.6,0.6,0.6,0.6,235341461.0
2023-11-30,0.6,0.6,0.6,0.6,232714430.0
2023-12-01,0.6,0.6,0.6,0.6,248446111.0
2023-12-02,0.6,0.6,0.6,0.6,144130252.0
2023-12-03,0.6,0.6,0.6,0.6,240660124.0
2023-12-04,0.6,0.6,0.6,0.6,492198799.0
2023-12-05,0.6,0.6,0.6,0.6,369372743.0
2023-12-06,0.6,0.6,0.6,0.6,498860756.0
2023-12-07,0.6,0.7,0.6,0.6,454683854.0
2023-12-08,0.6,0.7,0.6,0.7,497144485.0
2023-12-09,0.7,0.7,0.7,0.7,522942153.0
2023-12-10,0.7,0.7,0.6,0.7,251001949.0
2023-12-11,0.7,0.7,0.6,0.6,601855237.0
2023-12-12,0.6,0.6,0.6,0.6,372907112.0
2023-12-13,0.6,0.6,0.6,0.6,383566539.0
2023-12-14,0.6,0.6,0.6,0.6,340698850.0
2023-12-15,0.6,0.6,0.6,0.6,356613976.0
2023-12-16,0.6,0.6,0.6,0.6,160755138.0
2023-12-17,0.6,0.6,0.6,0.6,176476817.0
2023-12-18,0.6,0.6,0.6,0.6,477105096.0
2023-12-19,0.6,0.6,0.6,0.6,309456484.0
2023-12-20,0.6,0.6,0.6,0.6,380133323.0
2023-12-21,0.6,0.6,0.6,0.6,294263304.0
2023-12-22,0.6,0.6,0.6,0.6,386616422.0
2023-12-23,0.6,0.6,0.6,0.6,170948891.0
2023-12-24,0.6,0.6,0.6,0.6,305003397.0
2023-12-25,0.6,0.6,0.6,0.6,501529244.0
2023-12-26,0.6,0.6,0.6,0.6,427204990.0
2023-12-27,0.6,0.6,0.6,0.6,363959180.0
2023-12-28,0.6,0.7,0.6,0.6,468193003.0
2023-12-29,0.6,0.6,0.6,0.6,347060742.0
2023-12-30,0.6,0.6,0.6,0.6,168141907.0
2023-12-31,0.6,0.6,0.6,0.6,160978768.0
2024-01-01,0.6,0.6,0.6,0.6,165869400.0
2024-01-02,0.6,0.6,0.6,0.6,371069494.0
2024-01-03,0.6,0.6,0.5,0.6,1063513320.0
2024-01-04,0.6,0.6,0.6,0.6,384638363.0
2024-01-05,0.6,0.6,0.6,0.6,383229345.0
2024-01-06,0.6,0.6,0.6,0.6,166749051.0
2024-01-07,0.6,0.6,0.5,0.6,226717559.0
2024-01-08,0.6,0.6,0.5,0.6,520587965.0
2024-01-09,0.6,0.6,0.6,0.6,454568370.0
2024-01-10,0.6,0.6,0.5,0.6,565711997.0
2024-01-11,0.6,0.6,0.6,0.6,513518254.0
2024-01-12,0.6,0.6,0.6,0.6,462016509.0
2024-01-13,0.6,0.6,0.6,0.6,144723019.0
2024-01-14,0.6,0.6,0.6,0.6,188471401.0
2024-01-15,0.6,0.6,0.6,0.6,267118552.0
2024-01-16,0.6,0.6,0.6,0.6,250036650.0
2024-01-17,0.6,0.6,0.6,0.6,229435711.0
2024-01-18,0.6,0.6,0.5,0.6,286860737.0
2024-01-19,0.6,0.6,0.5,0.5,412467369.0
2024-01-20,0.5,0.6,0.5,0.6,190027866.0
2024-01-21,0.6,0.6,0.5,0.5,115018674.0
2024-01-22,0.5,0.5,0.5,0.5,340622198.0
2024-01-23,0.5,0.5,0.5,0.5,468522571.0
2024-01-24,0.5,0.5,0.5,0.5,256315507.0
2024-01-25,0.5,0.5,0.5,0.5,251423038.0
2024-01-26,0.5,0.5,0.5,0.5,345499020.0
2024-01-27,0.5,0.5,0.5,0.5,109437595.0
2024-01-28,0.5,0.5,0.5,0.5,133344725.0
2024-01-29,0.5,0.5,0.5,0.5,315810144.0
2024-01-30,0.5,0.5,0.5,0.5,551143127.0
2024-01-31,0.5,0.5,0.5,0.5,485421774.0
2024-02-01,0.5,0.5,0.5,0.5,339711167.0
2024-02-02,0.5,0.5,0.5,0.5,362229325.0
2024-02-03,0.5,0.5,0.5,0.5,268503943.0
2024-02-04,0.5,0.5,0.5,0.5,156461025.0
2024-02-05,0.5,0.5,0.5,0.5,316744221.0
2024-02-06,0.5,0.5,0.5,0.5,296361361.0
2024-02-07,0.5,0.5,0.5,0.5,337065844.0
2024-02-08,0.5,0.5,0.5,0.5,319558939.0
2024-02-09,0.5,0.5,0.5,0.5,381663993.0
2024-02-10,0.5,0.5,0.5,0.5,136051851.0
2024-02-11,0.5,0.5,0.5,0.5,218992618.0
2024-02-12,0.5,0.5,0.5,0.5,383946428.0
2024-02-13,0.5,0.5,0.5,0.5,398803382.0
2024-02-14,0.5,0.5,0.5,0.5,402071120.0
2024-02-15,0.5,0.6,0.5,0.6,640584098.0
2024-02-16,0.6,0.6,0.6,0.6,522111567.0
2024-02-17,0.6,0.6,0.5,0.5,254033578.0
2024-02-18,0.5,0.6,0.5,0.6,199644484.0
2024-02-19,0.6,0.6,0.6,0.6,361659945.0
2024-02-20,0.6,0.6,0.5,0.6,577494529.0
2024-02-21,0.6,0.6,0.5,0.5,443537294.0
2024-02-22,0.5,0.6,0.5,0.5,363824441.0
2024-02-23,0.5,0.5,0.5,0.5,435074448.0
2024-02-24,0.5,0.5,0.5,0.5,201672485.0
2024-02-25,0.5,0.5,0.5,0.5,200338025.0
2024-02-26,0.5,0.6,0.5,0.6,442051388.0
2024-02-27,0.6,0.6,0.5,0.6,852720045.0
2024-02-28,0.6,0.6,0.5,0.6,1038133713.0
2024-02-29,0.6,0.6,0.6,0.6,1323123117.0
2024-03-01,0.6,0.6,0.6,0.6,545783016.0
2024-03-02,0.6,0.7,0.6,0.6,891150692.0
2024-03-03,0.6,0.6,0.6,0.6,626556050.0
2024-03-04,0.6,0.7,0.6,0.6,1053563753.0
2024-03-05,0.6,0.7,0.5,0.6,1554937673.0
2024-03-06,0.6,0.6,0.6,0.6,832599729.0
2024-03-07,0.6,0.6,0.6,0.6,789389082.0
2024-03-08,0.6,0.6,0.6,0.6,648298999.0
2024-03-09,0.6,0.6,0.6,0.6,399105613.0
2024-03-10,0.6,0.6,0.6,0.6,431213931.0
2024-03-11,0.6,0.7,0.6,0.7,2035920643.0
2024-03-12,0.7,0.7,0.7,0.7,1164823272.0
2024-03-13,0.7,0.7,0.7,0.7,629718012.0
2024-03-14,0.7,0.7,0.6,0.7,866913230.0
2024-03-15,0.7,0.7,0.6,0.6,1046569627.0
2024-03-16,0.6,0.6,0.6,0.6,637944105.0
2024-03-17,0.6,0.6,0.6,0.6,520417354.0
2024-03-18,0.6,0.7,0.6,0.6,868146942.0
2024-03-19,0.6,0.6,0.6,0.6,1036258366.0
2024-03-20,0.6,0.6,0.6,0.6,802805428.0
2024-03-21,0.6,0.7,0.6,0.6,799317843.0
2024-03-22,0.6,0.6,0.6,0.6,580029104.0
2024-03-23,0.6,0.6,0.6,0.6,278695151.0
2024-03-24,0.6,0.6,0.6,0.6,304667124.0
2024-03-25,0.6,0.7,0.6,0.6,598260361.0
2024-03-26,0.6,0.7,0.6,0.6,483920076.0
2024-03-27,0.6,0.6,0.6,0.6,576105586.0
2024-03-28,0.6,0.6,0.6,0.6,500717330.0
2024-03-29,0.6,0.6,0.6,0.6,536802072.0
2024-03-30,0.6,0.6,0.6,0.6,275028227.0
2024-03-31,0.6,0.6,0.6,0.6,181972969.0
2024-04-01,0.6,0.6,0.6,0.6,546287523.0
2024-04-02,0.6,0.6,0.6,0.6,648286441.0
2024-04-03,0.6,0.6,0.6,0.6,493903933.0
2024-04-04,0.6,0.6,0.6,0.6,701629386.0
2024-04-05,0.6,0.6,0.6,0.6,421470900.0
2024-04-06,0.6,0.6,0.6,0.6,165404890.0
2024-04-07,0.6,0.6,0.6,0.6,210766117.0
2024-04-08,0.6,0.6,0.6,0.6,512812491.0
2024-04-09,0.6,0.6,0.6,0.6,648585747.0
2024-04-10,0.6,0.6,0.6,0.6,449695736.0
2024-04-11,0.6,0.6,0.6,0.6,316314812.0
2024-04-12,0.6,0.6,0.5,0.5,903224330.0
2024-04-13,0.5,0.5,0.4,0.5,1199425184.0
2024-04-14,0.5,0.5,0.5,0.5,820741178.0
2024-04-15,0.5,0.5,0.5,0.5,680790708.0
2024-04-16,0.5,0.5,0.5,0.5,535103938.0
2024-04-17,0.5,0.5,0.5,0.5,496078590.0
2024-04-18,0.5,0.5,0.5,0.5,408855589.0
2024-04-19,0.5,0.5,0.5,0.5,649243049.0
2024-04-20,0.5,0.5,0.5,0.5,323152269.0
2024-04-21,0.5,0.5,0.5,0.5,209381366.0
2024-04-22,0.5,0.6,0.5,0.6,481213218.0
2024-04-23,0.6,0.6,0.5,0.5,395536969.0
2024-04-24,0.5,0.6,0.5,0.5,437750382.0
2024-04-25,0.5,0.5,0.5,0.5,358100461.0
2024-04-26,0.5,0.5,0.5,0.5,354085810.0
2024-04-27,0.5,0.5,0.5,0.5,195569696.0
2024-04-28,0.5,0.5,0.5,0.5,135893039.0
2024-04-29,0.5,0.5,0.5,0.5,347828455.0
2024-04-30,0.5,0.5,0.5,0.5,395591280.0
2024-05-01,0.5,0.5,0.5,0.5,478521177.0
2024-05-02,0.5,0.5,0.5,0.5,344602656.0
2024-05-03,0.5,0.5,0.5,0.5,363626848.0
2024-05-04,0.5,0.5,0.5,0.5,158694221.0
2024-05-05,0.5,0.5,0.5,0.5,112344720.0
2024-05-06,0.5,0.6,0.5,0.5,567274807.0
2024-05-07,0.5,0.5,0.5,0.5,346192205.0
2024-05-08,0.5,0.5,0.5,0.5,346832658.0
2024-05-09,0.5,0.5,0.5,0.5,299812797.0
2024-05-10,0.5,0.5,0.5,0.5,356081362.0
2024-05-11,0.5,0.5,0.5,0.5,99554446.0
2024-05-12,0.5,0.5,0.5,0.5,96995150.0
2024-05-13,0.5,0.5,0.5,0.5,307847853.0
2024-05-14,0.5,0.5,0.5,0.5,306746811.0
2024-05-15,0.5,0.5,0.5,0.5,323956909.0
2024-05-16,0.5,0.5,0.5,0.5,327561119.0
2024-05-17,0.5,0.5,0.5,0.5,286496760.0
2024-05-18,0.5,0.5,0.5,0.5,90176826.0
2024-05-19,0.5,0.5,0.5,0.5,112974578.0
2024-05-20,0.5,0.5,0.5,0.5,404880454.0
2024-05-21,0.5,0.6,0.5,0.5,491396281.0
2024-05-22,0.5,0.5,0.5,0.5,303183587.0
2024-05-23,0.5,0.5,0.5,0.5,585134596.0
2024-05-24,0.5,0.5,0.5,0.5,322992520.0
2024-05-25,0.5,0.5,0.5,0.5,132376204.0
2024-05-26,0.5,0.5,0.5,0.5,108799266.0
2024-05-27,0.5,0.5,0.5,0.5,244982717.0
2024-05-28,0.5,0.5,0.5,0.5,282469800.0
2024-05-29,0.5,0.5,0.5,0.5,316791079.0
2024-05-30,0.5,0.5,0.5,0.5,361762802.0
2024-05-31,0.5,0.5,0.5,0.5,304398744.0
2024-06-01,0.5,0.5,0.5,0.5,88294554.0
2024-06-02,0.5,0.5,0.5,0.5,130902096.0
2024-06-03,0.5,0.5,0.5,0.5,237659106.0
2024-06-04,0.5,0.5,0.5,0.5,252531633.0
2024-06-05,0.5,0.5,0.5,0.5,248045273.0
2024-06-06,0.5,0.5,0.5,0.5,289657499.0
2024-06-07,0.5,0.5,0.5,0.5,549543388.0
2024-06-08,0.5,0.5,0.5,0.5,152121412.0
2024-06-09,0.5,0.5,0.5,0.5,90936082.0
2024-06-10,0.5,0.5,0.5,0.5,249759346.0
2024-06-11,0.5,0.5,0.5,0.5,429410619.0
2024-06-12,0.5,0.5,0.5,0.5,341106347.0
2024-06-13,0.5,0.5,0.5,0.5,290198216.0
2024-06-14,0.5,0.5,0.5,0.5,389318737.0
2024-06-15,0.5,0.5,0.5,0.5,176444562.0
2024-06-16,0.5,0.5,0.5,0.5,161562815.0
2024-06-17,0.5,0.5,0.5,0.5,584945066.0
2024-06-18,0.5,0.5,0.5,0.5,582727016.0
2024-06-19,0.5,0.5,0.5,0.5,260612342.0
2024-06-20,0.5,0.5,0.5,0.5,324974220.0
2024-06-21,0.5,0.5,0.5,0.5,336098409.0
2024-06-22,0.5,0.5,0.5,0.5,79168277.0
2024-06-23,0.5,0.5,0.5,0.5,95099780.0
2024-06-24,0.5,0.5,0.5,0.5,385123013.0
2024-06-25,0.5,0.5,0.5,0.5,226045665.0
2024-06-26,0.5,0.5,0.5,0.5,243409484.0
2024-06-27,0.5,0.5,0.5,0.5,243549420.0
2024-06-28,0.5,0.5,0.5,0.5,264186218.0
2024-06-29,0.5,0.5,0.5,0.5,57959490.0
2024-06-30,0.5,0.5,0.5,0.5,82862100.0
2024-07-01,0.5,0.5,0.5,0.5,211844474.0
2024-07-02,0.5,0.5,0.5,0.5,226194005.0
2024-07-03,0.5,0.5,0.5,0.5,317610313.0
2024-07-04,0.5,0.5,0.4,0.4,436420394.0
2024-07-05,0.4,0.4,0.4,0.4,728055932.0
2024-07-06,0.4,0.4,0.4,0.4,168945863.0
2024-07-07,0.4,0.4,0.4,0.4,175785229.0
2024-07-08,0.4,0.4,0.4,0.4,528743623.0
2024-07-09,0.4,0.4,0.4,0.4,289512370.0
2024-07-10,0.4,0.4,0.4,0.4,294639692.0
2024-07-11,0.4,0.5,0.4,0.4,347547669.0
2024-07-12,0.4,0.5,0.4,0.5,472984849.0
2024-07-13,0.5,0.6,0.5,0.5,744327354.0
2024-07-14,0.5,0.5,0.5,0.5,350964405.0
2024-07-15,0.5,0.5,0.5,0.5,437376565.0
2024-07-16,0.5,0.6,0.5,0.6,824632586.0
2024-07-17,0.6,0.6,0.6,0.6,806805412.0
2024-07-18,0.6,0.6,0.6,0.6,660623865.0
2024-07-19,0.6,0.6,0.5,0.6,539155049.0
2024-07-20,0.6,0.6,0.6,0.6,300097994.0
2024-07-21,0.6,0.6,0.6,0.6,291988877.0
2024-07-22,0.6,0.6,0.6,0.6,412923068.0
2024-07-23,0.6,0.6,0.6,0.6,353756166.0
2024-07-24,0.6,0.6,0.6,0.6,420617643.0
2024-07-25,0.6,0.6,0.6,0.6,485187006.0
2024-07-26,0.6,0.6,0.6,0.6,268729317.0
2024-07-27,0.6,0.6,0.6,0.6,172975781.0
2024-07-28,0.6,0.6,0.6,0.6,182173334.0
2024-07-29,0.6,0.6,0.6,0.6,235245176.0
2024-07-30,0.6,0.6,0.6,0.6,431409390.0
2024-07-31,0.6,0.7,0.6,0.6,473184106.0
2024-08-01,0.6,0.6,0.6,0.6,423266147.0
2024-08-02,0.6,0.6,0.5,0.6,410967898.0
2024-08-03,0.6,0.6,0.5,0.6,265483095.0
2024-08-04,0.6,0.6,0.5,0.5,240108087.0
2024-08-05,0.5,0.5,0.4,0.5,1250454532.0
2024-08-06,0.5,0.5,0.5,0.5,410337831.0
2024-08-07,0.5,0.6,0.5,0.6,1000802326.0
2024-08-08,0.6,0.6,0.6,0.6,730482227.0
2024-08-09,0.6,0.6,0.6,0.6,456932445.0
2024-08-10,0.6,0.6,0.6,0.6,213745629.0
2024-08-11,0.6,0.6,0.5,0.6,251097812.0
2024-08-12,0.6,0.6,0.6,0.6,355253164.0
2024-08-13,0.6,0.6,0.6,0.6,252380249.0
2024-08-14,0.6,0.6,0.6,0.6,253532158.0
2024-08-15,0.6,0.6,0.6,0.6,267098570.0
2024-08-16,0.6,0.6,0.6,0.6,234628410.0
2024-08-17,0.6,0.6,0.6,0.6,68057519.0
2024-08-18,0.6,0.6,0.6,0.6,119904362.0
2024-08-19,0.6,0.6,0.6,0.6,387069502.0
2024-08-20,0.6,0.6,0.6,0.6,276882583.0
2024-08-21,0.6,0.6,0.6,0.6,274275573.0
2024-08-22,0.6,0.6,0.6,0.6,207559419.0
2024-08-23,0.6,0.6,0.6,0.6,297079009.0
2024-08-24,0.6,0.6,0.6,0.6,242435317.0
2024-08-25,0.6,0.6,0.6,0.6,163663049.0
2024-08-26,0.6,0.6,0.6,0.6,236874640.0
2024-08-27,0.6,0.6,0.6,0.6,331644513.0
2024-08-28,0.6,0.6,0.6,0.6,312994647.0
2024-08-29,0.6,0.6,0.6,0.6,209040650.0
2024-08-30,0.6,0.6,0.5,0.6,258840588.0
2024-08-31,0.6,0.6,0.6,0.6,67155202.0
2024-09-01,0.6,0.6,0.5,0.5,121191438.0
2024-09-02,0.5,0.6,0.5,0.6,174750033.0
2024-09-03,0.6,0.6,0.6,0.6,179781483.0
2024-09-04,0.6,0.6,0.5,0.6,272577067.0
2024-09-05,0.6,0.6,0.5,0.5,213816210.0
2024-09-06,0.5,0.5,0.5,0.5,382035412.0
2024-09-07,0.5,0.5,0.5,0.5,82924642.0
2024-09-08,0.5,0.5,0.5,0.5,67909459.0
2024-09-09,0.5,0.5,0.5,0.5,168358952.0
2024-09-10,0.5,0.5,0.5,0.5,135693250.0
2024-09-11,0.5,0.5,0.5,0.5,187554599.0
2024-09-12,0.5,0.6,0.5,0.6,380827353.0
2024-09-13,0.6,0.6,0.6,0.6,270151559.0
2024-09-14,0.6,0.6,0.6,0.6,231500545.0
2024-09-15,0.6,0.6,0.6,0.6,126437096.0
2024-09-16,0.6,0.6,0.6,0.6,247830927.0
2024-09-17,0.6,0.6,0.6,0.6,173044465.0
2024-09-18,0.6,0.6,0.6,0.6,204818640.0
2024-09-19,0.6,0.6,0.6,0.6,222336927.0
2024-09-20,0.6,0.6,0.6,0.6,217408757.0
2024-09-21,0.6,0.6,0.6,0.6,144964801.0
2024-09-22,0.6,0.6,0.6,0.6,120373196.0
2024-09-23,0.6,0.6,0.6,0.6,161038706.0
2024-09-24,0.6,0.6,0.6,0.6,169233403.0
2024-09-25,0.6,0.6,0.6,0.6,179932001.0
2024-09-26,0.6,0.6,0.6,0.6,226481301.0
2024-09-27,0.6,0.6,0.6,0.6,222819497.0
2024-09-28,0.6,0.6,0.6,0.6,442520365.0
2024-09-29,0.6,0.7,0.6,0.6,442349596.0
2024-09-30,0.6,0.7,0.6,0.6,396654376.0
2024-10-01,0.6,0.6,0.6,0.6,579510147.0
2024-10-02,0.6,0.6,0.5,0.5,634074670.0
2024-10-03,0.5,0.5,0.5,0.5,562879573.0
2024-10-04,0.5,0.5,0.5,0.5,341840613.0
2024-10-05,0.5,0.5,0.5,0.5,107009165.0
2024-10-06,0.5,0.5,0.5,0.5,90314821.0
2024-10-07,0.5,0.5,0.5,0.5,246483895.0
2024-10-08,0.5,0.5,0.5,0.5,164201090.0
2024-10-09,0.5,0.5,0.5,0.5,169687079.0
2024-10-10,0.5,0.5,0.5,0.5,267008101.0
2024-10-11,0.5,0.5,0.5,0.5,196729073.0
2024-10-12,0.5,0.5,0.5,0.5,83887179.0
2024-10-13,0.5,0.5,0.5,0.5,94059459.0
2024-10-14,0.5,0.6,0.5,0.5,219397937.0
2024-10-15,0.5,0.6,0.5,0.5,283568637.0
2024-10-16,0.5,0.6,0.5,0.5,222285502.0
2024-10-17,0.5,0.6,0.5,0.5,312103613.0
2024-10-18,0.5,0.6,0.5,0.5,219767509.0
2024-10-19,0.5,0.6,0.5,0.5,90144479.0
2024-10-20,0.5,0.5,0.5,0.5,117461950.0
2024-10-21,0.5,0.6,0.5,0.5,283328526.0
2024-10-22,0.5,0.5,0.5,0.5,250206589.0
2024-10-23,0.5,0.5,0.5,0.5,211146628.0
2024-10-24,0.5,0.5,0.5,0.5,195840193.0
2024-10-25,0.5,0.5,0.5,0.5,350905027.0
2024-10-26,0.5,0.5,0.5,0.5,121828009.0
2024-10-27,0.5,0.5,0.5,0.5,65734998.0
2024-10-28,0.5,0.5,0.5,0.5,159504690.0
2024-10-29,0.5,0.5,0.5,0.5,220863830.0
2024-10-30,0.5,0.5,0.5,0.5,177555669.0
2024-10-31,0.5,0.5,0.5,0.5,195063825.0
2024-11-01,0.5,0.5,0.5,0.5,277144347.0
2024-11-02,0.5,0.5,0.5,0.5,68679320.0
2024-11-03,0.5,0.5,0.5,0.5,176012483.0
2024-11-04,0.5,0.5,0.5,0.5,211259474.0
2024-11-05,0.5,0.5,0.5,0.5,190711816.0
2024-11-06,0.5,0.5,0.5,0.5,452294069.0
2024-11-07,0.5,0.6,0.5,0.6,348528218.0
2024-11-08,0.6,0.6,0.5,0.6,261155203.0
2024-11-09,0.6,0.6,0.5,0.6,230978970.0
2024-11-10,0.6,0.6,0.6,0.6,712821995.0
2024-11-11,0.6,0.6,0.6,0.6,661084405.0
2024-11-12,0.6,0.7,0.6,0.7,1776854012.0
2024-11-13,0.7,0.7,0.6,0.7,1208545721.0
2024-11-14,0.7,0.8,0.7,0.8,1349353792.0
2024-11-15,0.8,0.9,0.8,0.9,1413430891.0
2024-11-16,0.9,1.3,0.9,1.1,2373030780.0
2024-11-17,1.1,1.2,1.0,1.1,1245814358.0
2024-11-18,1.1,1.2,1.1,1.1,941344489.0
2024-11-19,1.1,1.1,1.1,1.1,562678894.0
2024-11-20,1.1,1.2,1.1,1.1,609804658.0
2024-11-21,1.1,1.3,1.1,1.2,1050788977.0
2024-11-22,1.2,1.5,1.2,1.5,1597772473.98
2024-11-23,1.5,1.6,1.4,1.5,1243933645.71
2024-11-24,1.5,1.5,1.3,1.4,960628070.0
2024-11-25,1.4,1.5,1.4,1.4,912385354.0
2024-11-26,1.4,1.5,1.3,1.4,777417208.0
2024-11-27,1.4,1.5,1.4,1.5,594887636.0
2024-11-28,1.5,1.5,1.4,1.5,440541778.0
2024-11-29,1.5,1.8,1.5,1.8,1055874162.77
2024-11-30,1.8,2.0,1.8,2.0,1118556534.97
2024-12-01,2.0,2.4,1.8,2.3,1171510986.43
2024-12-02,2.3,2.9,2.2,2.7,2543716698.49
2024-12-03,2.7,2.9,2.2,2.5,1955605237.21
2024-12-04,2.5,2.7,2.3,2.4,1127878148.0
2024-12-05,2.4,2.5,2.2,2.2,1095218093.0
2024-12-06,2.2,2.5,2.2,2.4,671195786.0
2024-12-07,2.4,2.6,2.4,2.6,541326545.0
2024-12-08,2.6,2.6,2.5,2.6,456273582.0
2024-12-09,2.6,2.6,2.0,2.2,991793616.0
2024-12-10,2.2,2.4,1.9,2.4,1376683984.0
2024-12-11,2.4,2.5,2.2,2.4,696138801.0
2024-12-12,2.4,2.5,2.3,2.3,528351934.0
2024-12-13,2.3,2.5,2.3,2.4,468083967.0
2024-12-14,2.4,2.5,2.4,2.4,347447120.0
2024-12-15,2.4,2.5,2.4,2.4,275970977.0
2024-12-16,2.4,2.6,2.3,2.5,603893921.0
2024-12-17,2.5,2.7,2.4,2.6,745688394.0
2024-12-18,2.6,2.6,2.2,2.3,759860891.0
2024-12-19,2.3,2.4,2.2,2.2,811210695.0
2024-12-20,2.2,2.4,2.0,2.3,1110347016.0
2024-12-21,2.3,2.4,2.2,2.2,451599864.0
2024-12-22,2.2,2.3,2.2,2.2,310318499.0
2024-12-23,2.2,2.3,2.1,2.3,388820902.0
2024-12-24,2.3,2.4,2.2,2.3,249021066.0
2024-12-25,2.3,2.3,2.3,2.3,162014998.0
2024-12-26,2.3,2.3,2.1,2.2,266397920.0
2024-12-27,2.2,2.2,2.1,2.1,254236575.0
2024-12-28,2.1,2.2,2.1,2.2,106144470.0
2024-12-29,2.2,2.2,2.1,2.1,129587392.0
2024-12-30,2.1,2.2,2.0,2.1,326304793.0
2024-12-31,2.1,2.1,2.0,2.1,202867597.0
2025-01-01,2.1,2.4,2.1,2.3,340770274.0
2025-01-02,2.3,2.5,2.3,2.4,361196381.0
2025-01-03,2.4,2.5,2.4,2.5,233672728.0
2025-01-04,2.5,2.5,2.4,2.4,179793926.0
2025-01-05,2.4,2.4,2.3,2.4,155537860.0
2025-01-06,2.4,2.5,2.4,2.4,194293277.0
2025-01-07,2.4,2.5,2.3,2.3,342477338.0
2025-01-08,2.3,2.4,2.2,2.4,401036029.0
2025-01-09,2.4,2.4,2.2,2.3,294585086.0
2025-01-10,2.3,2.4,2.2,2.3,248018278.0
2025-01-11,2.3,2.6,2.3,2.6,349172496.0
2025-01-12,2.6,2.6,2.5,2.5,222912333.0
2025-01-13,2.5,2.6,2.3,2.5,515356746.0
2025-01-14,2.5,2.7,2.5,2.7,397227342.0
2025-01-15,2.7,3.2,2.6,3.1,1062630122.23
2025-01-16,3.1,3.4,2.9,3.2,1110371222.2
2025-01-17,3.2,3.4,3.2,3.3,529933494.0
2025-01-18,3.3,3.3,3.1,3.3,458088944.0
2025-01-19,3.3,3.3,2.8,3.0,663328805.0
2025-01-20,3.0,3.4,2.9,3.1,838761258.0
2025-01-21,3.1,3.2,3.0,3.2,376423502.0
2025-01-22,3.2,3.3,3.1,3.2,291761274.0
2025-01-23,3.2,3.2,3.0,3.1,305314846.0
2025-01-24,3.1,3.2,3.1,3.1,232626964.0
2025-01-25,3.1,3.1,3.1,3.1,99489857.0
2025-01-26,3.1,3.1,3.0,3.0,128937813.0
2025-01-27,3.0,3.1,2.7,3.1,660056174.0
2025-01-28,3.1,3.2,3.0,3.1,369470786.0
2025-01-29,3.1,3.1,3.0,3.1,254756655.0
2025-01-30,3.1,3.2,3.0,3.1,173143314.0
2025-01-31,3.1,3.1,3.0,3.0,162235322.0
2025-02-01,3.0,3.1,2.8,2.9,173601404.0
2025-02-02,2.9,3.0,2.5,2.6,684089012.0
2025-02-03,2.6,2.8,1.8,2.7,1866758972.0
2025-02-04,2.7,2.8,2.4,2.5,621552965.0
2025-02-05,2.5,2.6,2.3,2.4,338815093.0
2025-02-06,2.4,2.5,2.3,2.3,322896937.0
2025-02-07,2.3,2.5,2.3,2.4,447487945.0
2025-02-08,2.4,2.4,2.4,2.4,154717204.0
2025-02-09,2.4,2.5,2.3,2.4,204205603.0
2025-02-10,2.4,2.5,2.3,2.4,207257933.0
2025-02-11,2.4,2.5,2.4,2.4,248182176.0
2025-02-12,2.4,2.5,2.3,2.5,227957636.0
2025-02-13,2.5,2.6,2.4,2.6,212478703.0
2025-02-14,2.6,2.8,2.5,2.7,407541122.0
2025-02-15,2.7,2.8,2.7,2.8,184181907.0
2025-02-16,2.8,2.8,2.7,2.7,132387997.0
2025-02-17,2.7,2.8,2.6,2.7,212813356.0
2025-02-18,2.7,2.7,2.5,2.6,227170019.0
2025-02-19,2.6,2.7,2.5,2.7,208222691.0
2025-02-20,2.7,2.7,2.7,2.7,161213675.0
2025-02-21,2.7,2.7,2.5,2.6,257754207.0
2025-02-22,2.6,2.6,2.6,2.6,92516652.0
2025-02-23,2.6,2.6,2.5,2.6,91398009.0
2025-02-24,2.6,2.6,2.2,2.3,351034781.0
2025-02-25,2.3,2.4,2.1,2.3,762421577.0
2025-02-26,2.3,2.3,2.2,2.2,364125565.0
2025-02-27,2.2,2.3,2.1,2.2,229741926.0
2025-02-28,2.2,2.2,2.0,2.1,463166339.0
2025-03-01,2.1,2.2,2.1,2.2,145588191.0
2025-03-02,2.2,3.0,2.2,2.9,806955619.0
2025-03-03,2.9,3.0,2.3,2.4,770790136.0
2025-03-04,2.4,2.5,2.2,2.5,569915093.0
2025-03-05,2.5,2.5,2.4,2.5,254905967.0
2025-03-06,2.5,2.6,2.5,2.6,293494998.0
2025-03-07,2.6,2.6,2.3,2.4,454234094.0
2025-03-08,2.4,2.4,2.3,2.3,119040944.0
2025-03-09,2.3,2.4,2.1,2.1,276711052.0
2025-03-10,2.1,2.3,2.0,2.0,391223631.0
2025-03-11,2.0,2.2,1.9,2.2,382420244.0
2025-03-12,2.2,2.3,2.1,2.2,277560410.0
2025-03-13,2.2,2.3,2.2,2.3,243896593.0
2025-03-14,2.3,2.4,2.2,2.4,197286469.0
2025-03-15,2.4,2.5,2.4,2.4,150056936.0
2025-03-16,2.4,2.4,2.3,2.3,151974757.0
2025-03-17,2.3,2.4,2.3,2.3,133923496.0
2025-03-18,2.3,2.3,2.2,2.3,164719299.0
2025-03-19,2.3,2.6,2.3,2.5,462181815.0
2025-03-20,2.5,2.6,2.4,2.4,225573092.0
2025-03-21,2.4,2.5,2.4,2.4,143033066.0
2025-03-22,2.4,2.4,2.4,2.4,69083565.0
2025-03-23,2.4,2.4,2.4,2.4,82171646.0
2025-03-24,2.4,2.5,2.4,2.5,140591390.0
2025-03-25,2.5,2.5,2.4,2.4,107306341.0
2025-03-26,2.4,2.5,2.3,2.3,140813082.0
2025-03-27,2.3,2.4,2.3,2.3,121906802.0
2025-03-28,2.3,2.3,2.2,2.2,211389681.0
2025-03-29,2.2,2.2,2.1,2.1,188344703.0
2025-03-30,2.1,2.2,2.1,2.1,143436566.0
2025-03-31,2.1,2.1,2.0,2.1,225359911.0
2025-04-01,2.1,2.2,2.1,2.1,206149959.0
2025-04-02,2.1,2.2,2.0,2.0,312902782.0
2025-04-03,2.0,2.1,2.0,2.1,283049149.0
2025-04-04,2.1,2.2,2.0,2.1,249538859.0
2025-04-05,2.1,2.2,2.1,2.1,79039409.0
2025-04-06,2.1,2.2,1.9,1.9,247306320.0
2025-04-07,1.9,2.0,1.6,1.9,862282234.0
2025-04-08,1.9,2.0,1.8,1.8,331058344.0
2025-04-09,1.8,2.1,1.7,2.1,517714914.0
2025-04-10,2.1,2.1,1.9,2.0,224691548.0
2025-04-11,2.0,2.1,1.9,2.0,175131511.0
2025-04-12,2.0,2.2,2.0,2.2,161856777.0
2025-04-13,2.2,2.2,2.1,2.1,194098687.0
2025-04-14,2.1,2.2,2.1,2.1,138573013.0
2025-04-15,2.1,2.2,2.1,2.1,131282814.0
2025-04-16,2.1,2.1,2.0,2.1,152704680.0
2025-04-17,2.1,2.1,2.1,2.1,103280383.3
2025-04-18,2.1,2.1,2.0,2.1,72730873.5
2025-04-19,2.1,2.1,2.1,2.1,50163133.6
2025-04-20,2.1,2.1,2.0,2.1,77348551.3
2025-04-21,2.1,2.1,2.1,2.1,132502689.7
2025-04-22,2.1,2.3,2.1,2.2,215792646.3
2025-04-23,2.2,2.3,2.2,2.2,220415571.4
2025-04-24,2.2,2.2,2.1,2.2,184941421.4
2025-04-25,2.2,2.2,2.2,2.2,134014526.9
2025-04-26,2.2,2.2,2.2,2.2,89667472.4
2025-04-27,2.2,2.3,2.2,2.3,176901254.6
2025-04-28,2.3,2.4,2.2,2.3,188782972.6
2025-04-29,2.3,2.3,2.2,2.2,109021832.7
2025-04-30,2.2,2.3,2.1,2.2,169161178.8
2025-05-01,2.2,2.3,2.2,2.2,96594610.5
2025-05-02,2.2,2.2,2.2,2.2,84810475.2
2025-05-03,2.2,2.2,2.2,2.2,48541368.0
2025-05-04,2.2,2.2,2.2,2.2,58758870.6
2025-05-05,2.2,2.2,2.1,2.1,129350396.3
2025-05-06,2.1,2.2,2.1,2.2,110021214.0
2025-05-07,2.2,2.2,2.1,2.1,91759518.6
2025-05-08,2.1,2.3,2.1,2.3,220454318.8
2025-05-09,2.3,2.4,2.3,2.3,270485423.5
2025-05-10,2.3,2.5,2.3,2.5,173584546.1
2025-05-11,2.5,2.5,2.3,2.4,162582479.5
2025-05-12,2.4,2.7,2.4,2.5,507950822.4
2025-05-13,2.5,2.6,2.4,2.6,230851038.9
2025-05-14,2.6,2.7,2.5,2.6,213599727.4
2025-05-15,2.6,2.6,2.4,2.4,209320078.3
2025-05-16,2.4,2.4,2.3,2.4,136943221.2
2025-05-17,2.4,2.4,2.3,2.4,105734565.8
2025-05-18,2.4,2.4,2.3,2.4,110034544.5
2025-05-19,2.4,2.4,2.3,2.4,162880946.4
2025-05-20,2.4,2.4,2.3,2.4,136293676.8
2025-05-21,2.4,2.4,2.3,2.4,175070666.7
2025-05-22,2.4,2.5,2.4,2.4,145040194.5
2025-05-23,2.4,2.5,2.3,2.3,197335455.4
2025-05-24,2.3,2.4,2.3,2.3,50781088.2
2025-05-25,2.3,2.3,2.3,2.3,81478273.4
2025-05-26,2.3,2.4,2.3,2.3,75168770.0
2025-05-27,2.3,2.4,2.3,2.3,94046517.5
2025-05-28,2.3,2.3,2.2,2.3,99791200.4
2025-05-29,2.3,2.3,2.2,2.2,99100514.7
2025-05-30,2.2,2.3,2.1,2.1,192557829.6
2025-05-31,2.1,2.2,2.1,2.2,109349888.0
2025-06-01,2.2,2.2,2.1,2.2,62964847.7
2025-06-02,2.2,2.2,2.1,2.2,96478578.8
2025-06-03,2.2,2.3,2.2,2.2,110034231.1
2025-06-04,2.2,2.3,2.2,2.2,82924089.7
2025-06-05,2.2,2.2,2.1,2.1,152227799.7
2025-06-06,2.1,2.2,2.1,2.2,92539769.1
2025-06-07,2.2,2.2,2.1,2.2,40526697.0
2025-06-08,2.2,2.3,2.2,2.3,115809963.6
2025-06-09,2.3,2.3,2.2,2.3,128620231.2
2025-06-10,2.3,2.3,2.3,2.3,119887307.8
2025-06-11,2.3,2.3,2.3,2.3,118779485.5
2025-06-12,2.3,2.3,2.2,2.2,98220197.3
2025-06-13,2.2,2.2,2.1,2.1,171924272.9
2025-06-14,2.1,2.2,2.1,2.1,67644610.7
2025-06-15,2.1,2.2,2.1,2.2,46595619.5
2025-06-16,2.2,2.3,2.2,2.2,180775839.0
2025-06-17,2.2,2.3,2.1,2.2,145998030.0
2025-06-18,2.2,2.2,2.1,2.2,95962168.0
2025-06-19,2.2,2.2,2.1,2.2,56149358.1
2025-06-20,2.2,2.2,2.1,2.1,97632569.9
2025-06-21,2.1,2.1,2.0,2.1,88671293.2
2025-06-22,2.1,2.1,1.9,2.0,206511372.5
2025-06-23,2.0,2.2,2.0,2.2,175076963.6
2025-06-24,2.2,2.2,2.1,2.2,131247333.7
2025-06-25,2.2,2.2,2.2,2.2,91578502.0
2025-06-26,2.2,2.2,2.1,2.1,120378866.1
2025-06-27,2.1,2.2,2.1,2.1,120577000.3
2025-06-28,2.1,2.2,2.1,2.2,70042779.0
2025-06-29,2.2,2.2,2.2,2.2,46097897.5
2025-06-30,2.2,2.3,2.2,2.2,151525906.2
2025-07-01,2.2,2.3,2.1,2.2,123558690.1
2025-07-02,2.2,2.3,2.2,2.2,149340795.4
2025-07-03,2.2,2.3,2.2,2.3,148388595.0
2025-07-04,2.3,2.3,2.2,2.2,72289199.1
2025-07-05,2.2,2.2,2.2,2.2,34058390.3
2025-07-06,2.2,2.3,2.2,2.3,92108127.5
2025-07-07,2.3,2.4,2.3,2.3,176317450.7
2025-07-08,2.3,2.3,2.2,2.3,106456008.6
2025-07-09,2.3,2.4,2.3,2.4,181518399.8
2025-07-10,2.4,2.6,2.4,2.5,209526484.8
2025-07-11,2.5,3.0,2.5,2.7,615361834.0
2025-07-12,2.7,2.8,2.7,2.7,341517152.0
2025-07-13,2.7,2.9,2.7,2.8,260642506.5
2025-07-14,2.8,3.0,2.8,3.0,442537809.2
2025-07-15,3.0,3.0,2.8,2.9,303965280.7
2025-07-16,2.9,3.1,2.9,3.0,272284618.2
2025-07-17,3.0,3.5,3.0,3.5,648338845.19
2025-07-18,3.5,3.7,3.3,3.4,608722890.71
2025-07-19,3.4,3.5,3.4,3.4,204901034.5
2025-07-20,3.4,3.6,3.4,3.5,281874484.3
2025-07-21,3.5,3.6,3.4,3.5,259730581.6
2025-07-22,3.5,3.6,3.4,3.6,248664612.7
2025-07-23,3.6,3.6,3.0,3.2,444396661.3
2025-07-24,3.2,3.3,3.0,3.1,366456463.4
2025-07-25,3.1,3.2,3.0,3.1,234280821.9
2025-07-26,3.1,3.2,3.1,3.2,96831223.5
2025-07-27,3.2,3.3,3.2,3.2,130449208.1
2025-07-28,3.2,3.3,3.1,3.1,221823612.3
2025-07-29,3.1,3.2,3.1,3.1,157430969.9
2025-07-30,3.1,3.2,3.0,3.1,173643335.4
2025-07-31,3.1,3.2,3.0,3.0,135512300.3
2025-08-01,3.0,3.1,2.9,3.0,260984696.4
2025-08-02,3.0,3.0,2.7,2.8,180733656.7
2025-08-03,2.8,3.0,2.7,2.9,149417377.8
2025-08-04,2.9,3.1,2.9,3.1,164651624.4
2025-08-05,3.1,3.1,2.9,3.0,144253297.7
2025-08-06,3.0,3.0,2.9,3.0,114399575.6
2025-08-07,3.0,3.3,3.0,3.3,212195633.1
2025-08-08,3.3,3.4,3.2,3.3,273926156.0
2025-08-09,3.3,3.3,3.2,3.2,130645790.7
2025-08-10,3.2,3.3,3.2,3.2,123144721.1
2025-08-11,3.2,3.3,3.1,3.1,223589776.8
2025-08-12,3.1,3.3,3.1,3.3,154532178.9
2025-08-13,3.3,3.3,3.2,3.3,193301023.7
2025-08-14,3.3,3.4,3.0,3.1,301672247.6
2025-08-15,3.1,3.1,3.0,3.1,134927479.5
2025-08-16,3.1,3.2,3.1,3.1,64524770.2
2025-08-17,3.1,3.1,3.1,3.1,66692097.5
2025-08-18,3.1,3.1,2.9,3.1,163460914.2
2025-08-19,3.1,3.1,2.8,2.9,149185188.7
2025-08-20,2.9,3.0,2.8,3.0,152651462.5
2025-08-21,3.0,3.0,2.8,2.9,91372655.6
2025-08-22,2.9,3.1,2.8,3.1,255042164.6
2025-08-23,3.1,3.1,3.0,3.0,103250847.4
2025-08-24,3.0,3.1,3.0,3.0,157353334.0
2025-08-25,3.0,3.1,2.8,2.9,176144258.4
2025-08-26,2.9,3.1,2.8,3.0,160522587.8
2025-08-27,3.0,3.0,3.0,3.0,124270806.9
2025-08-28,3.0,3.0,2.9,3.0,110595938.3
2025-08-29,3.0,3.0,2.8,2.8,169431466.9
2025-08-30,2.8,2.8,2.8,2.8,68213469.6
2025-08-31,2.8,2.9,2.8,2.8,56440031.3
2025-09-01,2.8,2.8,2.7,2.8,179805399.6
2025-09-02,2.8,2.9,2.7,2.9,134689040.5
2025-09-03,2.9,2.9,2.8,2.8,96774293.1
2025-09-04,2.8,2.9,2.8,2.8,94539630.5
2025-09-05,2.8,2.9,2.8,2.8,120949495.7
2025-09-06,2.8,2.8,2.8,2.8,31389546.6
2025-09-07,2.8,2.9,2.8,2.9,82776839.1
2025-09-08,2.9,3.0,2.9,3.0,121406178.2
2025-09-09,3.0,3.0,2.9,2.9,116913430.2
2025-09-10,2.9,3.0,2.9,3.0,85328678.0
2025-09-11,3.0,3.0,3.0,3.0,115124443.9
2025-09-12,3.0,3.1,3.0,3.1,130413008.1
2025-09-13,3.1,3.2,3.1,3.1,112791516.9
2025-09-14,3.1,3.1,3.0,3.0,86444642.8
2025-09-15,3.0,3.1,3.0,3.0,121536076.0
2025-09-16,3.0,3.1,3.0,3.0,76953763.0
2025-09-17,3.0,3.1,3.0,3.1,132508658.4
2025-09-18,3.1,3.1,3.1,3.1,121098940.7
2025-09-19,3.1,3.1,3.0,3.0,92714638.6
2025-09-20,3.0,3.0,3.0,3.0,62723730.0
2025-09-21,3.0,3.0,3.0,3.0,45668741.1
2025-09-22,3.0,3.0,2.7,2.9,228747192.9
2025-09-23,2.9,2.9,2.8,2.8,100392302.3
2025-09-24,2.8,3.0,2.8,2.9,125417232.6
2025-09-25,2.9,2.9,2.7,2.7,196421176.9
2025-09-26,2.7,2.8,2.7,2.8,162801304.7
2025-09-27,2.8,2.8,2.8,2.8,44703806.2
2025-09-28,2.8,2.9,2.8,2.9,65853510.0
2025-09-29,2.9,2.9,2.8,2.9,116473375.3
2025-09-30,2.9,2.9,2.8,2.8,100392419.7
2025-10-01,2.8,3.0,2.8,2.9,136262408.8
2025-10-02,2.9,3.1,2.9,3.0,147074551.6
2025-10-03,3.0,3.1,3.0,3.0,125739506.7
2025-10-04,3.0,3.1,2.9,3.0,69429980.8
2025-10-05,3.0,3.1,2.9,3.0,105898711.4
2025-10-06,3.0,3.1,3.0,3.0,117186503.0
2025-10-07,3.0,3.0,2.8,2.9,151704976.6
2025-10-08,2.9,2.9,2.8,2.9,86103907.0
2025-10-09,2.9,2.9,2.8,2.8,110236912.9
2025-10-10,2.8,2.8,1.3,2.4,592833224.7
2025-10-11,2.4,2.5,2.3,2.4,377516588.0
2025-10-12,2.4,2.6,2.3,2.5,248265523.1
2025-10-13,2.5,2.6,2.5,2.6,215844073.7
2025-10-14,2.6,2.6,2.4,2.5,236417459.6
2025-10-15,2.5,2.5,2.4,2.4,147593411.2
2025-10-16,2.4,2.5,2.3,2.3,196447886.3
2025-10-17,2.3,2.4,2.2,2.3,233638133.0
2025-10-18,2.3,2.4,2.3,2.4,70031265.2
2025-10-19,2.4,2.4,2.3,2.4,86051004.0
2025-10-20,2.4,2.6,2.4,2.5,132020692.3
2025-10-21,2.5,2.5,2.4,2.4,142161412.2
2025-10-22,2.4,2.4,2.3,2.4,131694103.3
2025-10-23,2.4,2.4,2.4,2.4,84337201.1
2025-10-24,2.4,2.5,2.4,2.5,112051925.0
2025-10-25,2.5,2.7,2.5,2.6,95829560.4
2025-10-26,2.6,2.7,2.6,2.6,83681116.7
2025-10-27,2.6,2.7,2.6,2.6,113960332.0
2025-10-28,2.6,2.7,2.6,2.6,123712287.2
2025-10-29,2.6,2.7,2.5,2.6,127783090.4
2025-10-30,2.6,2.6,2.4,2.4,151633152.9
2025-10-31,2.4,2.6,2.4,2.5,115609330.7
2025-11-01,2.5,2.5,2.5,2.5,41551912.8
2025-11-02,2.5,2.6,2.5,2.5,51555957.6
2025-11-03,2.5,2.5,2.3,2.3,174525470.1
2025-11-04,2.3,2.4,2.1,2.2,346558907.5
2025-11-05,2.2,2.4,2.1,2.3,207833006.9
2025-11-06,2.3,2.4,2.2,2.2,172724312.7
2025-11-07,2.2,2.4,2.2,2.3,178003937.3
2025-11-08,2.3,2.3,2.2,2.3,83656256.1
2025-11-09,2.3,2.4,2.2,2.4,86012398.0
2025-11-10,2.4,2.6,2.3,2.5,197478395.3
2025-11-11,2.5,2.6,2.4,2.4,126538891.7
2025-11-12,2.4,2.4,2.3,2.4,141159795.6
2025-11-13,2.4,2.5,2.3,2.3,268264404.5
2025-11-14,2.3,2.3,2.2,2.2,220377818.6
2025-11-15,2.2,2.3,2.2,2.2,84473254.2
2025-11-16,2.2,2.3,2.2,2.2,126254506.2
2025-11-17,2.2,2.3,2.1,2.2,213925840.3
2025-11-18,2.2,2.2,2.1,2.2,188026720.7
2025-11-19,2.2,2.2,2.0,2.1,237660615.7
2025-11-20,2.1,2.1,2.0,2.0,295232267.9
2025-11-21,2.0,2.0,1.8,2.0,349052191.6
2025-11-22,2.0,2.0,1.9,2.0,92507655.6
2025-11-23,2.0,2.1,1.9,2.0,136024600.0
2025-11-24,2.0,2.3,2.0,2.2,209507520.1
2025-11-25,2.2,2.3,2.1,2.2,154916931.3
2025-11-26,2.2,2.3,2.1,2.2,110237202.3
2025-11-27,2.2,2.2,2.2,2.2,82691220.6
2025-11-28,2.2,2.3,2.2,2.2,140892868.9
2025-11-29,2.2,2.2,2.2,2.2,57026784.1
2025-11-30,2.2,2.2,2.2,2.2,52482888.9
2025-12-01,2.2,2.2,2.0,2.0,173919553.1
2025-12-02,2.0,2.2,2.0,2.2,132464308.9
2025-12-03,2.2,2.2,2.1,2.2,111507874.4
2025-12-04,2.2,2.2,2.1,2.1,101092517.6
2025-12-05,2.1,2.1,2.0,2.0,95338082.9
2025-12-06,2.0,2.1,2.0,2.0,43569024.8
2025-12-07,2.0,2.1,2.0,2.0,83786859.8
2025-12-08,2.0,2.1,2.0,2.1,88049790.9
2025-12-09,2.1,2.2,2.0,2.1,113859655.0
2025-12-10,2.1,2.1,2.0,2.0,125132700.4
2025-12-11,2.0,2.1,2.0,2.0,125057005.0
2025-12-12,2.0,2.0,2.0,2.0,77987124.7
2025-12-13,2.0,2.0,2.0,2.0,44193267.1
2025-12-14,2.0,2.0,2.0,2.0,45148587.9
2025-12-15,2.0,2.0,1.9,1.9,115746358.6
2025-12-16,1.9,1.9,1.9,1.9,101283394.8
2025-12-17,1.9,2.0,1.8,1.9,111714892.8
2025-12-18,1.9,1.9,1.8,1.8,126981039.0
2025-12-19,1.8,1.9,1.8,1.9,144601510.3
2025-12-20,1.9,2.0,1.9,1.9,53235023.5
2025-12-21,1.9,1.9,1.9,1.9,53029272.9
2025-12-22,1.9,1.9,1.9,1.9,88731614.2
2025-12-23,1.9,1.9,1.9,1.9,77815693.8
2025-12-24,1.9,1.9,1.8,1.9,59895979.8
2025-12-25,1.9,1.9,1.8,1.8,46144808.4
2025-12-26,1.8,1.9,1.8,1.8,76825530.8
2025-12-27,1.8,1.9,1.8,1.9,31244471.3
2025-12-28,1.9,1.9,1.9,1.9,26597238.3
2025-12-29,1.9,1.9,1.8,1.9,70265708.5
2025-12-30,1.9,1.9,1.8,1.9,48337735.6
2025-12-31,1.9,1.9,1.8,1.8,58334893.8
2026-01-01,1.8,1.9,1.8,1.9,41082589.1
2026-01-02,1.9,2.0,1.9,2.0,127347907.2
2026-01-03,2.0,2.1,2.0,2.0,74386522.1
2026-01-04,2.0,2.1,2.0,2.1,113757086.3
2026-01-05,2.1,2.4,2.1,2.3,210318025.3
2026-01-06,2.3,2.4,2.2,2.3,270372108.1
2026-01-07,2.3,2.3,2.2,2.2,115603277.7
2026-01-08,2.2,2.2,2.1,2.1,156536080.5
2026-01-09,2.1,2.2,2.1,2.1,117777092.0
2026-01-10,2.1,2.1,2.1,2.1,31589981.3
2026-01-11,2.1,2.1,2.0,2.1,50545578.2
2026-01-12,2.1,2.1,2.0,2.1,110140038.3
2026-01-13,2.1,2.2,2.0,2.2,113374006.3
2026-01-14,2.2,2.2,2.1,2.1,135001603.5
2026-01-15,2.1,2.1,2.1,2.1,89639683.7
2026-01-16,2.1,2.1,2.0,2.1,60894619.5
2026-01-17,2.1,2.1,2.1,2.1,31138454.9
2026-01-18,2.1,2.1,2.0,2.0,46506697.7
2026-01-19,2.0,2.0,1.8,2.0,159349900.7
2026-01-20,2.0,2.0,1.9,1.9,127376122.0
2026-01-21,1.9,2.0,1.9,1.9,147842135.5
2026-01-22,1.9,2.0,1.9,1.9,61627444.9
2026-01-23,1.9,2.0,1.9,1.9,76076706.9
2026-01-24,1.9,1.9,1.9,1.9,27159999.9
2026-01-25,1.9,1.9,1.8,1.8,91533110.3
2026-01-26,1.8,1.9,1.8,1.9,104481153.6
2026-01-27,1.9,1.9,1.9,1.9,64619827.1
2026-01-28,1.9,1.9,1.9,1.9,67425858.5
2026-01-29,1.9,1.9,1.8,1.8,149409911.0
2026-01-30,1.8,1.8,1.7,1.7,229720306.7
2026-01-31,1.7,1.8,1.5,1.6,332369467.9
2026-02-01,1.6,1.7,1.6,1.6,182387658.0
2026-02-02,1.6,1.7,1.5,1.6,218107304.7
2026-02-03,1.6,1.6,1.5,1.6,190553042.4
2026-02-04,1.6,1.6,1.5,1.5,194386702.9
2026-02-05,1.5,1.5,1.1,1.2,744109671.0
2026-02-06,1.2,1.5,1.1,1.5,708122800.8
2026-02-07,1.5,1.5,1.4,1.4,274310340.3
2026-02-08,1.4,1.5,1.4,1.4,126012618.4
2026-02-09,1.4,1.5,1.4,1.4,168546281.8
2026-02-10,1.4,1.5,1.4,1.4,113399373.7
2026-02-11,1.4,1.4,1.3,1.4,172696263.7
2026-02-12,1.4,1.4,1.3,1.4,116856264.1
2026-02-13,1.4,1.4,1.3,1.4,125027739.4
2026-02-14,1.4,1.5,1.4,1.5,113140538.4
2026-02-15,1.5,1.7,1.4,1.5,299306472.4
2026-02-16,1.5,1.5,1.4,1.5,145403123.0
2026-02-17,1.5,1.5,1.4,1.5,98838390.0
2026-02-18,1.5,1.5,1.4,1.4,85831853.9
2026-02-19,1.4,1.4,1.4,1.4,108259677.1
2026-02-20,1.4,1.4,1.4,1.4,123709704.4
2026-02-21,1.4,1.5,1.4,1.4,53997920.3
2026-02-22,1.4,1.4,1.4,1.4,61166336.0
2026-02-23,1.4,1.4,1.3,1.4,188895700.4
2026-02-24,1.4,1.4,1.3,1.3,139239571.8
2026-02-25,1.3,1.5,1.3,1.4,245088505.2
2026-02-26,1.4,1.5,1.4,1.4,160829141.8
2026-02-27,1.4,1.4,1.3,1.4,165108168.6
2026-02-28,1.4,1.4,1.3,1.4,229989679.7
2026-03-01,1.4,1.4,1.3,1.4,177941326.9
2026-03-02,1.4,1.4,1.3,1.4,166802077.8
2026-03-03,1.4,1.4,1.3,1.4,135602897.4
2026-03-04,1.4,1.5,1.3,1.4,238025779.2
2026-03-05,1.4,1.5,1.4,1.4,118168992.2
2026-03-06,1.4,1.4,1.3,1.4,113847978.9
2026-03-07,1.4,1.4,1.3,1.4,47776637.3
2026-03-08,1.4,1.4,1.3,1.3,79825643.7
2026-03-09,1.3,1.4,1.3,1.4,130100801.2
2026-03-10,1.4,1.4,1.4,1.4,176313906.6
2026-03-11,1.4,1.4,1.4,1.4,111034871.0
2026-03-12,1.4,1.4,1.4,1.4,89689607.3
2026-03-13,1.4,1.5,1.4,1.4,203074725.5
2026-03-14,1.4,1.4,1.4,1.4,58211106.5
2026-03-15,1.4,1.5,1.4,1.4,97404399.7
2026-03-16,1.4,1.6,1.4,1.5,218579163.6
2026-03-17,1.5,1.6,1.5,1.5,232844730.1
2026-03-18,1.5,1.5,1.4,1.5,139537685.6
2026-03-19,1.5,1.5,1.4,1.4,118907352.6
2026-03-20,1.4,1.5,1.4,1.4,87955683.6
2026-03-21,1.4,1.5,1.4,1.4,57147510.9
2026-03-22,1.4,1.4,1.4,1.4,77182206.4
2026-03-23,1.4,1.5,1.4,1.4,170065259.3
2026-03-24,1.4,1.4,1.4,1.4,103380500.3
2026-03-25,1.4,1.4,1.4,1.4,97040812.7
2026-03-26,1.4,1.4,1.3,1.4,130842025.4
2026-03-27,1.4,1.4,1.3,1.3,119257397.0
2026-03-28,1.3,1.4,1.3,1.3,53717126.3
2026-03-29,1.3,1.3,1.3,1.3,61339018.6
2026-03-30,1.3,1.4,1.3,1.3,100202620.0
2026-03-31,1.3,1.4,1.3,1.3,101318413.8
2026-04-01,1.3,1.4,1.3,1.3,86898811.0
2026-04-02,1.3,1.4,1.3,1.3,132871559.7
2026-04-03,1.3,1.3,1.3,1.3,64784053.3
2026-04-04,1.3,1.3,1.3,1.3,29975010.9
2026-04-05,1.3,1.3,1.3,1.3,74314266.8
2026-04-06,1.3,1.4,1.3,1.3,104345790.7
2026-04-07,1.3,1.4,1.3,1.4,130702995.4
2026-04-08,1.4,1.4,1.3,1.3,124855733.3
2026-04-09,1.3,1.4,1.3,1.3,112265614.1
2026-04-10,1.3,1.4,1.3,1.4,79785996.7
2026-04-11,1.4,1.4,1.3,1.4,57095356.3
2026-04-12,1.4,1.4,1.3,1.3,70245771.1
2026-04-13,1.3,1.4,1.3,1.4,105450701.2
2026-04-14,1.4,1.4,1.4,1.4,103042599.5
2026-04-15,1.4,1.4,1.4,1.4,109493954.4
2026-04-16,1.4,1.5,1.4,1.5,155427242.1
2026-04-17,1.5,1.5,1.4,1.5,155866337.1
2026-04-18,1.5,1.5,1.4,1.4,82670483.0
2026-04-19,1.4,1.4,1.4,1.4,90413939.9
2026-04-20,1.4,1.4,1.4,1.4,99575811.5
2026-04-21,1.4,1.4,1.4,1.4,85278180.6
2026-04-22,1.4,1.5,1.4,1.4,83429181.4
2026-04-23,1.4,1.4,1.4,1.4,92183977.4
2026-04-24,1.4,1.5,1.4,1.4,66229128.5
2026-04-25,1.4,1.4,1.4,1.4,26346558.6
2026-04-26,1.4,1.4,1.4,1.4,30024367.7
2026-04-27,1.4,1.4,1.4,1.4,73155298.1
2026-04-28,1.4,1.4,1.4,1.4,53234245.4
2026-04-29,1.4,1.4,1.3,1.4,74194879.8
2026-04-30,1.4,1.4,1.4,1.4,51110389.1
2026-05-01,1.4,1.4,1.4,1.4,60188179.0
2026-05-02,1.4,1.4,1.4,1.4,33030264.1
2026-05-03,1.4,1.4,1.4,1.4,29246836.8
2026-05-04,1.4,1.4,1.4,1.4,83200664.7
2026-05-05,1.4,1.4,1.4,1.4,67575818.2
2026-05-06,1.4,1.5,1.4,1.4,97195264.9
2026-05-07,1.4,1.4,1.4,1.4,82830386.5
2026-05-08,1.4,1.4,1.4,1.4,66521203.4
2026-05-09,1.4,1.4,1.4,1.4,57792561.3
2026-05-10,1.4,1.5,1.4,1.5,156095312.2
2026-05-11,1.5,1.5,1.4,1.5,118423276.5
2026-05-12,1.5,1.5,1.4,1.4,105554013.5
2026-05-13,1.4,1.5,1.4,1.4,125717367.1
2026-05-14,1.4,1.5,1.4,1.5,203278911.9
2026-05-15,1.5,1.5,1.4,1.4,123551206.1
2026-05-16,1.4,1.4,1.4,1.4,71543277.9
2026-05-17,1.4,1.4,1.4,1.4,67975586.2
2026-05-18,1.4,1.4,1.4,1.4,103297251.8
2026-05-19,1.4,1.4,1.4,1.4,98592923.5
2026-05-20,1.4,1.4,1.3,1.4,68909414.7
2026-05-21,1.4,1.4,1.4,1.4,77920747.5
2026-05-22,1.4,1.4,1.3,1.3,91847302.2
2026-05-23,1.3,1.4,1.3,1.4,102960290.5
2026-05-24,1.4,1.4,1.3,1.4,52635116.0
2026-05-25,1.4,1.4,1.3,1.4,57643566.8
2026-05-26,1.4,1.4,1.3,1.3,67352957.9
2026-05-27,1.3,1.3,1.3,1.3,77744369.1
2026-05-28,1.3,1.3,1.3,1.3,115036822.2
2026-05-29,1.3,1.3,1.3,1.3,100195741.9
2026-05-30,1.3,1.4,1.3,1.3,80897913.1
2026-05-31,1.3,1.3,1.3,1.3,44076500.3
2026-06-01,1.3,1.3,1.3,1.3,90898336.8
2026-06-02,1.3,1.3,1.2,1.2,162334649.5
2026-06-03,1.2,1.2,1.2,1.2,124143921.8
2026-06-04,1.2,1.2,1.1,1.2,186091380.3
2026-06-05,1.2,1.2,1.1,1.1,281769579.7
2026-06-06,1.1,1.1,1.1,1.1,141359719.1
2026-06-07,1.1,1.2,1.1,1.2,112387617.1
2026-06-08,1.2,1.2,1.1,1.2,114644792.2
2026-06-09,1.2,1.2,1.1,1.1,106946733.3
2026-06-10,1.1,1.1,1.1,1.1,116679644.6
2026-06-11,1.1,1.2,1.1,1.1,94224282.2
2026-06-12,1.1,1.2,1.1,1.1,72582913.9
2026-06-13,1.1,1.2,1.1,1.2,45010007.2
2026-06-14,1.2,1.2,1.1,1.2,56418987.6
2026-06-15,1.2,1.3,1.2,1.2,195846016.2
2026-06-16,1.2,1.3,1.2,1.2,94329209.7
2026-06-17,1.2,1.2,1.2,1.2,107522115.3
2026-06-18,1.2,1.2,1.1,1.1,114178315.8
2026-06-19,1.1,1.2,1.1,1.1,72664415.9
2026-06-20,1.1,1.2,1.1,1.1,45285668.0
2026-06-21,1.2,1.2,1.1,1.1,47594054.3
2026-06-22,1.1,1.2,1.1,1.1,83321492.3
2026-06-23,1.1,1.1,1.1,1.1,75592026.8
2026-06-24,1.1,1.1,1.0,1.1,118369372.1
2026-06-25,1.1,1.1,1.0,1.0,136197699.9
2026-06-26,1.0,1.1,1.0,1.0,145156580.4
2026-06-27,1.0,1.1,1.0,1.0,61102716.4
2026-06-28,1.0,1.1,1.0,1.0,45543835.7
2026-06-29,1.0,1.1,1.0,1.1,94759415.6
2026-06-30,1.1,1.1,1.0,1.0,66352785.9
2026-07-01,1.0,1.1,1.0,1.1,87968675.1
2026-07-02,1.1,1.1,1.0,1.1,89896309.7
2026-07-03,1.1,1.1,1.1,1.1,84107375.2
2026-07-04,1.1,1.2,1.1,1.2,90722088.6
2026-07-05,1.2,1.2,1.1,1.2,56056103.3
2026-07-06,1.2,1.2,1.1,1.1,83730434.5
2026-07-07,1.1,1.2,1.1,1.1,69215370.8
2026-07-08,1.1,1.1,1.1,1.1,88541750.4
2026-07-09,1.1,1.1,1.1,1.1,45402565.5
2026-07-10,1.1,1.1,1.1,1.1,58026052.6
2026-07-11,1.1,1.1,1.1,1.1,32707323.4
2026-07-12,1.1,1.1,1.1,1.1,38378492.0
2026-07-13,1.1,1.1,1.1,1.1,71241845.2
2026-07-14,1.1,1.1,1.1,1.1,78324911.6
2026-07-15,1.1,1.1,1.1,1.1,65479084.6
2026-07-16,1.1,1.1,1.1,1.1,62947788.3
2026-07-17,1.1,1.1,1.1,1.1,55351143.2
2026-07-18,1.1,1.1,1.1,1.1,21933915.8
2026-07-19,1.1,1.1,1.1,1.1,26850193.9
2026-07-20,1.1,1.1,1.1,1.1,64548819.2
2026-07-21,1.1,1.2,1.1,1.1,84431888.0
2026-07-22,1.1,1.2,1.1,1.1,51081401.2
2026-07-23,1.1,1.1,1.1,1.1,52277156.0
2026-07-24,1.1,1.1,1.1,1.1,50549358.5
2026-07-25,1.1,1.1,1.1,1.1,27577562.7
2026-07-26,1.1,1.1,1.1,1.1,24337249.5
2026-07-27,1.1,1.1,1.1,1.1,60210383.4
2026-07-28,1.1,1.1,1.0,1.1,58363510.5
2026-07-29,1.1,1.1,1.1,1.1,83920516.8
2026-07-30,1.1,1.1,1.1,1.1,51165635.3
2026-07-31,1.1,1.1,1.1,1.1,54148686.2
2026-08-01,1.1,1.1,1.0,1.1,24921615.2
2026-08-02,1.1,1.1,1.1,1.1,33543155.8
2026-08-03,1.1,1.1,1.1,1.1,46861893.8
2026-08-04,1.1,1.1,1.1,1.1,39742782.0
2026-08-05,1.1,1.1,1.1,1.1,53319989.7
2026-08-06,1.1,1.1,1.0,1.0,78580562.1
2026-08-07,1.0,1.0,1.0,1.0,82001986.5
2026-08-08,1.0,1.0,1.0,1.0,34252713.6
2026-08-09,1.0,1.0,1.0,1.0,29784482.5
2026-08-10,1.0,1.0,1.0,1.0,62037149.5
2026-08-11,1.0,1.0,1.0,1.0,79885514.1
2026-08-12,1.0,1.0,1.0,1.0,56123719.2
2026-08-13,1.0,1.0,1.0,1.0,43941247.8
2026-08-14,1.0,1.0,1.0,1.0,65926755.6
2026-08-15,1.0,1.0,1.0,1.0,20869812.0
2026-08-16,1.0,1.0,1.0,1.0,25251370.4
2026-08-17,1.0,1.0,1.0,1.0,48237468.4
2026-08-18,1.0,1.0,1.0,1.0,45240986.0
2026-08-19,1.0,1.1,1.0,1.1,185016840.8
2026-08-20,1.1,1.3,1.1,1.3,380551716.5
2026-08-21,1.3,1.5,1.3,1.5,442213598.2
2026-08-22,1.5,1.7,1.4,1.5,588303506.5
2026-08-23,1.5,1.6,1.4,1.5,254552867.9
2026-08-24,1.5,1.5,1.5,1.5,264048831.8
2026-08-25,1.5,1.6,1.4,1.4,226477793.1
2026-08-26,1.4,1.5,1.4,1.4,169795610.9
2026-08-27,1.4,1.5,1.4,1.5,156992810.9
2026-08-28,1.5,1.5,1.4,1.4,155916655.1
2026-08-29,1.4,1.4,1.4,1.4,50379183.1
2026-08-30,1.4,1.4,1.3,1.4,94998018.6
2026-08-31,1.4,1.4,1.3,1.4,95752194.8
2026-09-01,1.4,1.4,1.3,1.4,109763882.1
2026-09-02,1.4,1.4,1.3,1.4,116514686.2
2026-09-03,1.4,1.5,1.3,1.5,212797346.2
2026-09-04,1.5,1.5,1.4,1.4,160973856.4
2026-09-05,1.4,1.4,1.4,1.4,74120247.9
2026-09-06,1.4,1.4,1.4,1.4,70773681.0
2026-09-07,1.4,1.4,1.4,1.4,116535374.9
2026-09-08,1.4,1.5,1.4,1.4,132190454.2
2026-09-09,1.4,1.4,1.4,1.4,141500464.3
2026-09-10,1.4,1.4,1.3,1.3,142474380.4
2026-09-11,1.3,1.4,1.3,1.4,174186704.7
2026-09-12,1.4,1.4,1.4,1.4,48545666.0
2026-09-13,1.4,1.4,1.3,1.3,59578868.7
2026-09-14,1.3,1.5,1.3,1.4,235361034.4
2026-09-15,1.4,1.5,1.3,1.3,309146698.6
2026-09-16,1.3,1.3,1.2,1.3,194955386.0
2026-09-17,1.3,1.3,1.3,1.3,121018993.2
2026-09-18,1.3,1.4,1.3,1.4,211763654.4
2026-09-19,1.4,1.5,1.4,1.4,182937392.8
2026-09-20,1.4,1.4,1.4,1.4,125938592.2
2026-09-21,1.4,1.6,1.4,1.5,333945115.7
2026-09-22,1.5,1.6,1.5,1.6,308360745.1
2026-09-23,1.6,1.7,1.5,1.5,318463015.2
2026-09-24,1.5,1.5,1.5,1.5,196872523.3
2026-09-25,1.5,1.6,1.5,1.6,341972511.0
2026-09-26,1.6,1.6,1.5,1.5,117424932.1
2026-09-27,1.5,1.5,1.5,1.5,113825290.9
2026-09-28,1.5,1.5,1.5,1.5,188993405.0
2026-09-29,1.5,1.6,1.5,1.5,189015627.1
2026-09-30,1.5,1.5,1.5,1.5,150610177.9
2026-10-01,1.5,1.5,1.5,1.5,113889044.6
